query,accession,organism,host,genome_length,rbp_product,rbp_aa_len,species,strain
klebsiella,PZ943414,Klebsiella phage P2662,Klebsiella pneumoniae,174806,tail fiber protein,1239,Klebsiella pneumoniae,
klebsiella,PZ943414,Klebsiella phage P2662,Klebsiella pneumoniae,174806,short tail fibers protein,461,Klebsiella pneumoniae,
klebsiella,PZ836354,Klebsiella phage vB_KpP_AIIMS12,Klebsiella pneumoniae,45163,tail fiber protein,318,Klebsiella pneumoniae,
klebsiella,PZ836354,Klebsiella phage vB_KpP_AIIMS12,Klebsiella pneumoniae,45163,tail spike protein,598,Klebsiella pneumoniae,
klebsiella,PZ900181,Klebsiella phage HD7247,Klebsiella pneumoniae,41093,tail fibers protein,1017,Klebsiella pneumoniae,
klebsiella,PX132331,Klebsiella phage Soup,Klebsiella oxytoca,53399,tail fiber protein,2229,Klebsiella oxytoca,
klebsiella,PX132329,Klebsiella phage P788,Klebsiella oxytoca,65675,tail fiber protein,950,Klebsiella oxytoca,
klebsiella,PZ789120,Klebsiella phage vB_KlebP_219,Klebsiella pneumoniae CEMTC_3647,41982,tail spike protein,318,Klebsiella pneumoniae,CEMTC_3647
klebsiella,PZ789118,Klebsiella phage vB_KlebP_184,Klebsiella pneumoniae CEMTC_2405,43489,tail fiber protein,816,Klebsiella pneumoniae,CEMTC_2405
klebsiella,PZ871101,Klebsiella phage 597-P,Klebsiella oxytoca,143817,tail fiber protein,348,Klebsiella oxytoca,
klebsiella,PZ886036,Klebsiella phage KP589_2,Klebsiella pneumoniae,40755,tail fiber protein,556,Klebsiella pneumoniae,
klebsiella,PZ885831,Klebsiella phage KP548,Klebsiella pneumoniae,40916,tail fiber protein,814,Klebsiella pneumoniae,
klebsiella,PZ879284,Klebsiella phage 603-7,Klebsiella oxytoca,41369,tail fiber protein,903,Klebsiella oxytoca,
klebsiella,PZ466139,Klebsiella phage vB_KpnM_ZH02,Klebsiella pneumoniae,169217,L-shaped tail fiber protein,1503,Klebsiella pneumoniae,
klebsiella,PZ466139,Klebsiella phage vB_KpnM_ZH02,Klebsiella pneumoniae,169217,tail fiber protein,230,Klebsiella pneumoniae,
klebsiella,PZ466139,Klebsiella phage vB_KpnM_ZH02,Klebsiella pneumoniae,169217,straight tail fiber,451,Klebsiella pneumoniae,
klebsiella,PZ755731,Klebsiella phage Gangster,Klebsiella pneumoniae,156996,tail spike protein Tsp1,755,Klebsiella pneumoniae,
klebsiella,PZ755731,Klebsiella phage Gangster,Klebsiella pneumoniae,156996,tail spike protein Tsp3,756,Klebsiella pneumoniae,
klebsiella,PZ755731,Klebsiella phage Gangster,Klebsiella pneumoniae,156996,tail spike protein Tsp2,843,Klebsiella pneumoniae,
klebsiella,PZ755731,Klebsiella phage Gangster,Klebsiella pneumoniae,156996,tail spike protein Tsp4,1093,Klebsiella pneumoniae,
klebsiella,PZ755731,Klebsiella phage Gangster,Klebsiella pneumoniae,156996,putative tail fiber protein,441,Klebsiella pneumoniae,
klebsiella,PX413393,Klebsiella phage vb_KPT2,Klebsiella pneumoniae KPT2,144096,putative tail fiber protein,586,Klebsiella pneumoniae,KPT2
klebsiella,PX411280,Klebsiella phage CP-p-KP-22161,hospital sewage,167779,tail fiber protein,1389,,
klebsiella,PZ689226,Klebsiella phage vB_KpnP_M2-11847,Klebsiella pneumoniae,40985,tail fiber protein,913,Klebsiella pneumoniae,
klebsiella,PZ689225,Klebsiella phage vB_KpnP_M1-11883,Klebsiella pneumoniae,43793,tail fiber protein,318,Klebsiella pneumoniae,
klebsiella,PZ686473,Klebsiella phage RHTM-01,Klebsiella pneumoniae,114112,receptor binding protein,658,Klebsiella pneumoniae,
klebsiella,PZ686473,Klebsiella phage RHTM-01,Klebsiella pneumoniae,114112,tail fiber protein,3460,Klebsiella pneumoniae,
klebsiella,PZ686473,Klebsiella phage RHTM-01,Klebsiella pneumoniae,114112,tail fibers protein,144,Klebsiella pneumoniae,
klebsiella,PZ792819,Klebsiella phage hayley,Klebsiella variicola,53925,tail fiber protein,716,Klebsiella variicola,
klebsiella,PZ798257,Klebsiella phage vB_KpS_AIIMS18,Klebsiella pneumoniae,48675,central tail fiber J,1234,Klebsiella pneumoniae,
klebsiella,PX404940,Klebsiella phage vb_KP80,Klebsiella pneumoniae KP80,41700,non-contractile tail fiber protein,291,Klebsiella pneumoniae,KP80
klebsiella,PZ295673,Klebsiella phage vB_KpnP_KleEt1,Klebsiella pneumoniae subsp. pneumoniae ATCC 33495,43824,tail fiber protein,530,Klebsiella pneumoniae,subsp. pneumoniae ATCC 33495
klebsiella,PV833093,Klebsiella phage KP3-p1,Klebsiella pneumoniae 3987,32716,tail fiber protein,473,Klebsiella pneumoniae,3987
klebsiella,PV833092,Klebsiella phage KP4-p4,Klebsiella pneumoniae Bio,51901,putative tail fiber protein,338,Klebsiella pneumoniae,Bio
klebsiella,PV833090,Klebsiella phage KP1-2,Klebsiella pneumoniae KP_3,53750,tail fiber protein,549,Klebsiella pneumoniae,KP_3
klebsiella,PV833090,Klebsiella phage KP1-2,Klebsiella pneumoniae KP_3,53750,tail fibers protein,153,Klebsiella pneumoniae,KP_3
klebsiella,PV833090,Klebsiella phage KP1-2,Klebsiella pneumoniae KP_3,53750,tail fiber domain-containing protein,143,Klebsiella pneumoniae,KP_3
klebsiella,PZ788954,Klebsiella phage SAKp28.2,Klebsiella pneumoniae U4575,47362,tail fiber protein,1234,Klebsiella pneumoniae,U4575
klebsiella,PZ654713,Klebsiella phage vB_KpnP_Phaeron,Klebsiella pneumoniae,41141,tailspike protein,1242,Klebsiella pneumoniae,
klebsiella,PZ654712,Klebsiella phage vB_Kpn_TA3,Klebsiella pneumoniae,48896,tail fiber protein,779,Klebsiella pneumoniae,
klebsiella,PZ654711,Klebsiella phage vB_Kpn_TA4,Klebsiella pneumoniae,49216,tail fiber protein,973,Klebsiella pneumoniae,
klebsiella,PZ721830,Klebsiella phage RHTM-02,Klebsiella pneumoniae,166000,short tail fibers protein,448,Klebsiella pneumoniae,
klebsiella,PZ721830,Klebsiella phage RHTM-02,Klebsiella pneumoniae,166000,long tail fiber protein,1478,Klebsiella pneumoniae,
klebsiella,PZ721830,Klebsiella phage RHTM-02,Klebsiella pneumoniae,166000,tail fibers protein,102,Klebsiella pneumoniae,
klebsiella,PZ481759,Klebsiella phage vB_KpnP-SPI_G66,Klebsiella pneumoniae,39566,tail fiber protein,575,Klebsiella pneumoniae,
klebsiella,PZ481756,Klebsiella phage vB_KpnP-SPI_1627,Klebsiella pneumoniae,40919,tail fiber protein,777,Klebsiella pneumoniae,
klebsiella,PX315804,Klebsiella phage KLEO1,Klebsiella pneumoniae,44026,tail fiber protein,651,Klebsiella pneumoniae,
klebsiella,PX315803,Klebsiella phage KLEO13,Klebsiella pneumoniae,40074,tail fiber protein,777,Klebsiella pneumoniae,
klebsiella,PX315802,Klebsiella phage FKAN,Klebsiella pneumoniae,261412,tail fiber protein,2141,Klebsiella pneumoniae,
klebsiella,PZ736737,Klebsiella phage vB_KpnM_Magnus,Klebsiella pneumoniae INF359,269722,tail fiber protein,617,Klebsiella pneumoniae,INF359
klebsiella,PZ736737,Klebsiella phage vB_KpnM_Magnus,Klebsiella pneumoniae INF359,269722,tail spike protein,591,Klebsiella pneumoniae,INF359
klebsiella,PZ244634,Klebsiella phage KLEO31,Klebsiella pneumoniae CIP52.145,40315,tail fiber protein,777,Klebsiella pneumoniae,CIP52.145
klebsiella,PZ244633,Klebsiella phage KLEO29,Klebsiella pneumoniae CIP52.145,40315,tail fiber protein,777,Klebsiella pneumoniae,CIP52.145
klebsiella,OP373729,Klebsiella phage vB_Kpn_ZCKp20p,Klebsiella pneumoniae,48797,tailspike protein,827,Klebsiella pneumoniae,
klebsiella,PZ542107,Klebsiella phage Dot,Klebsiella pneumoniae,51427,tail fiber protein,1256,Klebsiella pneumoniae,
klebsiella,PZ569104,Klebsiella phage P-KP198-8,Klebsiella pneumoniae B-KP198,174610,tail fiber protein,1239,Klebsiella pneumoniae,B-KP198
klebsiella,PZ568324,Klebsiella phage P-KP209-1,Klebsiella pneumoniae B-KP209,50660,tail fiber protein,681,Klebsiella pneumoniae,B-KP209
klebsiella,PZ564098,Klebsiella phage Mononoke,Klebsiella pneumoniae Kp1196,43170,tail fiber protein,790,Klebsiella pneumoniae,Kp1196
klebsiella,PZ564098,Klebsiella phage Mononoke,Klebsiella pneumoniae Kp1196,43170,non-contractile tail fiber protein,318,Klebsiella pneumoniae,Kp1196
klebsiella,PZ533743,Klebsiella phage P-KP101-1,Klebsiella pneumoniae,38801,tail fiber protein,575,Klebsiella pneumoniae,
klebsiella,PZ533742,Klebsiella phage P-KP103-2,Klebsiella pneumoniae,144716,tail fiber protein,586,Klebsiella pneumoniae,
klebsiella,PZ533741,Klebsiella phage P-KP103-1,Klebsiella pneumoniae,144973,tail fiber protein,348,Klebsiella pneumoniae,
klebsiella,PZ533740,Klebsiella phage P-KP29-4,Klebsiella pneumoniae,40621,tail fiber protein,1017,Klebsiella pneumoniae,
klebsiella,PZ533739,Klebsiella phage P-KP122-3,Klebsiella pneumoniae,44778,tail fiber protein,306,Klebsiella pneumoniae,
klebsiella,PZ533738,Klebsiella phage P-KP112-2,Klebsiella pneumoniae,43951,tail fiber protein,793,Klebsiella pneumoniae,
klebsiella,PZ533737,Klebsiella phage P-KP166-1,Klebsiella pneumoniae,50700,tail fiber protein,762,Klebsiella pneumoniae,
klebsiella,PZ533736,Klebsiella phage P-KP187-1,Klebsiella pneumoniae,44652,tail fiber protein,827,Klebsiella pneumoniae,
klebsiella,PZ533735,Klebsiella phage P-KP145-9,Klebsiella pneumoniae,175820,tail fiber protein,1234,Klebsiella pneumoniae,
klebsiella,PZ533735,Klebsiella phage P-KP145-9,Klebsiella pneumoniae,175820,tail fiber adhesin,175,Klebsiella pneumoniae,
klebsiella,PZ533734,Klebsiella phage P-KP145-4-P1,Klebsiella pneumoniae,49807,tail fiber protein,847,Klebsiella pneumoniae,
klebsiella,PZ533733,Klebsiella phage P-KP84-1,Klebsiella pneumoniae,49964,tail fiber protein,216,Klebsiella pneumoniae,
klebsiella,PZ533732,Klebsiella phage P-KP110-3,Klebsiella pneumoniae,51686,tail fiber protein,892,Klebsiella pneumoniae,
klebsiella,PZ533731,Klebsiella phage P-KP110-1-1,Klebsiella pneumoniae,45572,tail fiber protein,328,Klebsiella pneumoniae,
klebsiella,PZ533730,Klebsiella phage P-KP136-1,Klebsiella pneumoniae,49793,tail fiber protein,907,Klebsiella pneumoniae,
klebsiella,PZ533729,Klebsiella phage P-KP71-4,Klebsiella pneumoniae,44074,tail fiber protein,541,Klebsiella pneumoniae,
klebsiella,PZ533728,Klebsiella phage P-KP64-3,Klebsiella pneumoniae,43576,tail fiber protein,651,Klebsiella pneumoniae,
klebsiella,PZ533467,Klebsiella phage Medik,pond water,46646,tail spike protein,668,,
klebsiella,PZ533466,Klebsiella phage Spark,pond water,46874,tail spike protein,668,,
klebsiella,PZ533465,Klebsiella phage Kleo,river water,48034,tailspike protein,668,,
klebsiella,PZ547843,Klebsiella phage KAB01_K,Klebsiella pneumoniae,44856,tail fiber protein,1234,Klebsiella pneumoniae,
klebsiella,PZ547843,Klebsiella phage KAB01_K,Klebsiella pneumoniae,44856,putative tail fiber protein,752,Klebsiella pneumoniae,
klebsiella,PZ531155,Klebsiella phage P892,Klebsiella michiganensis,42988,tail spike protein,792,Klebsiella michiganensis,
klebsiella,PZ465698,Klebsiella phage XDRKpn-2,Klebsiella pneumoniae,345827,tail spike protein,651,Klebsiella pneumoniae,
klebsiella,PZ465698,Klebsiella phage XDRKpn-2,Klebsiella pneumoniae,345827,tail fiber protein,702,Klebsiella pneumoniae,
klebsiella,PQ628034,Klebsiella phage KP02,Klebsiella pneumoniae,49658,tail fiber protein,1232,Klebsiella pneumoniae,
klebsiella,PZ285953,Klebsiella phage UCS26X1C2_1,wastewater,49508,tail fiber protein,922,,
klebsiella,PZ285952,Klebsiella phage UCS26X1C1_1,wastewater,47164,tail fiber protein,208,,
klebsiella,PZ285951,Klebsiella phage UCS26C2_2,wastewater,49415,tail fiber protein,670,,
klebsiella,PZ285950,Klebsiella phage UCS26C2_1,wastewater,46147,tail fiber protein,420,,
klebsiella,PZ285948,Klebsiella phage UCS26C1_1,wastewater,48579,tail fiber protein,644,,
klebsiella,PZ166041,Klebsiella phage Cronus,Klebsiella aerogenes,149563,tail fiber protein,157,Klebsiella aerogenes,
klebsiella,PZ166041,Klebsiella phage Cronus,Klebsiella aerogenes,149563,colanidase tailspike,1064,Klebsiella aerogenes,
klebsiella,PZ166041,Klebsiella phage Cronus,Klebsiella aerogenes,149563,tail spike protein,1073,Klebsiella aerogenes,
klebsiella,PZ364417,Klebsiella phage Kashful,Klebsiella quasipneumoniae subsp. similipneumoniae 34B,60363,tail spike protein,497,,
klebsiella,PZ364417,Klebsiella phage Kashful,Klebsiella quasipneumoniae subsp. similipneumoniae 34B,60363,central tail fiber J,748,,
klebsiella,PZ364417,Klebsiella phage Kashful,Klebsiella quasipneumoniae subsp. similipneumoniae 34B,60363,tail fiber protein,257,,
klebsiella,PZ364416,Klebsiella phage Kadam,Klebsiella quasipneumoniae subsp. similipneumoniae 34B,46246,tail spike protein,606,,
klebsiella,PZ364416,Klebsiella phage Kadam,Klebsiella quasipneumoniae subsp. similipneumoniae 34B,46246,tail fiber protein,328,,
klebsiella,PZ364415,Klebsiella phage Shimul,Klebsiella quasipneumoniae subsp. similipneumoniae 34B,45891,tail fiber protein,328,,
klebsiella,PZ364415,Klebsiella phage Shimul,Klebsiella quasipneumoniae subsp. similipneumoniae 34B,45891,tail spike protein,606,,
klebsiella,PZ364414,Klebsiella phage Palash,Klebsiella quasipneumoniae subsp. similipneumoniae 34B,298386,tail fiber protein,2194,,
klebsiella,PZ364414,Klebsiella phage Palash,Klebsiella quasipneumoniae subsp. similipneumoniae 34B,298386,tail spike protein,840,,
klebsiella,PZ364414,Klebsiella phage Palash,Klebsiella quasipneumoniae subsp. similipneumoniae 34B,298386,central tail fiber J,164,,
klebsiella,PZ593571,Klebsiella phage vB_Kpn_ESBLKP22,Klebsiella pneumoniae ESBLKP_MG22,110380,tail fiber protein,481,Klebsiella pneumoniae,ESBLKP_MG22
klebsiella,PZ315864,Klebsiella phage P286,Klebsiella pneumoniae KP320,45357,tail spike protein,648,Klebsiella pneumoniae,KP320
klebsiella,PZ315864,Klebsiella phage P286,Klebsiella pneumoniae KP320,45357,tail fiber protein,306,Klebsiella pneumoniae,KP320
klebsiella,PZ344153,Klebsiella phage Phalaris,Klebsiella pneumoniae K2,159493,tail fiber protein,417,Klebsiella pneumoniae,K2
klebsiella,PZ344153,Klebsiella phage Phalaris,Klebsiella pneumoniae K2,159493,tail spike protein,1039,Klebsiella pneumoniae,K2
klebsiella,PZ344153,Klebsiella phage Phalaris,Klebsiella pneumoniae K2,159493,receptor binding protein VrlC,1612,Klebsiella pneumoniae,K2
klebsiella,PZ379305,Klebsiella phage Vatra,Klebsiella pneumoniae,155641,tail fiber protein,800,Klebsiella pneumoniae,
klebsiella,PZ379305,Klebsiella phage Vatra,Klebsiella pneumoniae,155641,tail spike protein,633,Klebsiella pneumoniae,
klebsiella,PZ379304,Klebsiella phage Teplo,Klebsiella michiganensis,44098,tail fiber protein,825,Klebsiella michiganensis,
klebsiella,PZ379303,Klebsiella phage Svitlo,Klebsiella michiganensis,123262,receptor binding tail protein,658,Klebsiella michiganensis,
klebsiella,PZ379303,Klebsiella phage Svitlo,Klebsiella michiganensis,123262,central tail fiber J,948,Klebsiella michiganensis,
klebsiella,PZ379303,Klebsiella phage Svitlo,Klebsiella michiganensis,123262,collar tail protein for L-shaped tail fiber attachment,139,Klebsiella michiganensis,
klebsiella,PZ379303,Klebsiella phage Svitlo,Klebsiella michiganensis,123262,tail fiber protein,842,Klebsiella michiganensis,
klebsiella,PZ379302,Klebsiella phage Sirko,Klebsiella michiganensis,175290,tail fiber protein,1190,Klebsiella michiganensis,
klebsiella,PZ379301,Klebsiella phage Salo,Klebsiella michiganensis,121068,receptor binding tail protein,658,Klebsiella michiganensis,
klebsiella,PZ379301,Klebsiella phage Salo,Klebsiella michiganensis,121068,central tail fiber J,948,Klebsiella michiganensis,
klebsiella,PZ379301,Klebsiella phage Salo,Klebsiella michiganensis,121068,collar tail protein for L-shaped tail fiber attachment,139,Klebsiella michiganensis,
klebsiella,PZ379301,Klebsiella phage Salo,Klebsiella michiganensis,121068,tail fiber protein,842,Klebsiella michiganensis,
klebsiella,PZ379300,Klebsiella phage Mavka,Klebsiella pneumoniae,167575,tail fiber protein,1418,Klebsiella pneumoniae,
klebsiella,PZ379300,Klebsiella phage Mavka,Klebsiella pneumoniae,167575,tail fiber adhesin,175,Klebsiella pneumoniae,
klebsiella,PZ379299,Klebsiella phage Maliuk,Klebsiella pneumoniae,39664,tail fiber protein,568,Klebsiella pneumoniae,
klebsiella,PZ379298,Klebsiella phage Leleka,Klebsiella pneumoniae,40859,tail fiber protein,1017,Klebsiella pneumoniae,
klebsiella,PZ379297,Klebsiella phage Dzyga,Klebsiella pneumoniae,41428,tail fiber protein,1017,Klebsiella pneumoniae,
klebsiella,PZ379296,Klebsiella phage Donya,Klebsiella pneumoniae,39382,tail fiber protein,568,Klebsiella pneumoniae,
klebsiella,PZ405959,Klebsiella phage KP_1,Klebsiella pneumoniae,44903,tail fiber protein,275,Klebsiella pneumoniae,
klebsiella,PZ465736,Klebsiella phage Zinnia,Klebsiella aerogenes 88,45709,tail fiber protein,635,Klebsiella aerogenes,88
klebsiella,PZ465735,Klebsiella phage Karobi,Klebsiella aerogenes 88,50635,central tail fiber J,1157,Klebsiella aerogenes,88
klebsiella,PZ465735,Klebsiella phage Karobi,Klebsiella aerogenes 88,50635,tail fiber protein,715,Klebsiella aerogenes,88
klebsiella,PZ465734,Klebsiella phage Kamli,Klebsiella aerogenes 88,45265,tail fiber protein,635,Klebsiella aerogenes,88
klebsiella,PZ465733,Klebsiella phage Jarul,Klebsiella aerogenes 88,75804,tail fiber protein,765,Klebsiella aerogenes,88
klebsiella,PZ465733,Klebsiella phage Jarul,Klebsiella aerogenes 88,75804,tail spike protein,613,Klebsiella aerogenes,88
klebsiella,PZ465732,Klebsiella phage Joba,Klebsiella aerogenes 88,60302,tail fiber protein,260,Klebsiella aerogenes,88
klebsiella,PZ465731,Klebsiella phage Dahlia,Klebsiella aerogenes 88,51425,central tail fiber J,1157,Klebsiella aerogenes,88
klebsiella,PZ465731,Klebsiella phage Dahlia,Klebsiella aerogenes 88,51425,tail fiber protein,715,Klebsiella aerogenes,88
klebsiella,PZ465730,Klebsiella phage Lily,Klebsiella aerogenes 88,155912,tail spike protein,911,Klebsiella aerogenes,88
klebsiella,PZ465730,Klebsiella phage Lily,Klebsiella aerogenes 88,155912,tail fiber protein,632,Klebsiella aerogenes,88
klebsiella,PX170208,Klebsiella phage EPM-Kp1,Klebsiella pneumoniae 80128,41086,tail fiber protein,570,Klebsiella pneumoniae,80128
klebsiella,PZ502561,Klebsiella phage vB_KpnP_EC5,Klebsiella pneumoniae,40317,tail fiber protein,850,Klebsiella pneumoniae,
klebsiella,PZ502448,Klebsiella phage Kl_100,Klebsiella pneumoniae,48087,tail fiber protein,1240,Klebsiella pneumoniae,
klebsiella,PZ486388,Klebsiella phage phi1_150062,Klebsiella pneumoniae 135007,111827,tail fiber protein,1020,Klebsiella pneumoniae,135007
klebsiella,PZ454251,Klebsiella phage vB_KpnM_NB3,Klebsiella pneumoniae,49225,tail fiber protein,1150,Klebsiella pneumoniae,
klebsiella,PZ440474,Klebsiella phage vB_KpnM_NB2,Klebsiella pneumoniae,47675,tail fiber protein,1148,Klebsiella pneumoniae,
klebsiella,PZ440473,Klebsiella phage vB_KpnM_NB1,Klebsiella pneumoniae,49575,tail fiber protein,1148,Klebsiella pneumoniae,
klebsiella,PZ405899,Klebsiella phage Ospk10,Klebsiella pneumoniae S395,50115,tail fiber protein,216,Klebsiella pneumoniae,S395
klebsiella,PZ405898,Klebsiella phage Ospk9,Klebsiella pneumoniae S395,42427,tail fiber protein,261,Klebsiella pneumoniae,S395
klebsiella,PZ406332,Klebsiella phage vB_KpnD_I303_100,Klebsiella pneumoniae I303,49453,tail fiber protein,784,Klebsiella pneumoniae,I303
klebsiella,PZ406331,Klebsiella phage vB_KpnD_4640_115,Klebsiella pneumoniae 4640,47809,tail fiber protein,784,Klebsiella pneumoniae,4640
klebsiella,PZ406330,Klebsiella phage vB_KpnD_NSC294-115R1_L02D_SYN107,Klebsiella pneumoniae NSC294-115R1_L02-D,50073,tail fiber protein,784,Klebsiella pneumoniae,NSC294-115R1_L02-D
klebsiella,PZ406328,Klebsiella phage vB_KpnD_13_L01D_SYN103,Klebsiella pneumoniae 13_L01-D,49125,tail fiber protein,784,Klebsiella pneumoniae,13_L01-D
klebsiella,PZ406327,Klebsiella phage vB_KpnD_13_L01D_SYN102,Klebsiella pneumoniae 13_L01-D,48653,tail fiber protein,784,Klebsiella pneumoniae,13_L01-D
klebsiella,PZ406326,Klebsiella phage vB_KpnD_13_L01C_SYN101,Klebsiella pneumoniae 13_L01-C,48973,tail fiber protein,784,Klebsiella pneumoniae,13_L01-C
klebsiella,PZ406325,Klebsiella phage vB_KpnD_13_L01A_SYN100,Klebsiella pneumoniae 13_L01-A,47191,tail fiber protein,784,Klebsiella pneumoniae,13_L01-A
klebsiella,PZ465528,Klebsiella phage Magus,Klebsiella pneumoniae ATCC 35657,39629,tail fiber protein,575,Klebsiella pneumoniae,ATCC 35657
klebsiella,PZ465524,Klebsiella phage Carindo,Klebsiella pneumoniae ATCC 35657,39183,tail fiber protein,569,Klebsiella pneumoniae,ATCC 35657
klebsiella,PX694289,Klebsiella phage Junood_PK2,Klebsiella pneumoniae,147170,tail fiber protein,91,Klebsiella pneumoniae,
klebsiella,PX694288,Klebsiella phage Junood_PK3,Klebsiella pneumoniae,115660,tail fiber protein,842,Klebsiella pneumoniae,
klebsiella,PX694288,Klebsiella phage Junood_PK3,Klebsiella pneumoniae,115660,receptor-binding protein,658,Klebsiella pneumoniae,
klebsiella,PZ467946,Klebsiella phage vB_Kpn_M13,Klebsiella pneumoniae,44388,tail fiber protein,339,Klebsiella pneumoniae,
klebsiella,PZ466121,Klebsiella phage vB_Kpn_18-2,Klebsiella pneumoniae Kp102,176524,short tail fiber protein,461,Klebsiella pneumoniae,Kp102
klebsiella,PZ466121,Klebsiella phage vB_Kpn_18-2,Klebsiella pneumoniae Kp102,176524,tail fiber protein,1232,Klebsiella pneumoniae,Kp102
klebsiella,PZ169089,Klebsiella phage FKP22,Klebsiella pneumoniae,174784,tail fibers protein,353,Klebsiella pneumoniae,
klebsiella,PZ169089,Klebsiella phage FKP22,Klebsiella pneumoniae,174784,L-shaped tail fiber protein,1450,Klebsiella pneumoniae,
klebsiella,PZ169089,Klebsiella phage FKP22,Klebsiella pneumoniae,174784,tail fiber adhesin,175,Klebsiella pneumoniae,
klebsiella,PZ169089,Klebsiella phage FKP22,Klebsiella pneumoniae,174784,short tail fibers protein,461,Klebsiella pneumoniae,
klebsiella,PZ244635,Klebsiella phage KLEO26,Klebsiella pneumoniae CIP52.218,159724,tail fiber protein,735,Klebsiella pneumoniae,CIP52.218
klebsiella,PZ244635,Klebsiella phage KLEO26,Klebsiella pneumoniae CIP52.218,159724,tail spike protein,675,Klebsiella pneumoniae,CIP52.218
klebsiella,PZ244632,Klebsiella phage KLEO28,Klebsiella pneumoniae Kp18,41076,tail fiber protein,1017,Klebsiella pneumoniae,Kp18
klebsiella,PX502250,Klebsiella phage EPM-Kp22,Klebsiella pneumoniae,49646,central tail fiber J,524,Klebsiella pneumoniae,
klebsiella,PX502250,Klebsiella phage EPM-Kp22,Klebsiella pneumoniae,49646,tail fiber protein,897,Klebsiella pneumoniae,
klebsiella,PX502249,Klebsiella phage EPM-Kp23,Klebsiella pneumoniae,49259,central tail fiber J,1267,Klebsiella pneumoniae,
klebsiella,PX502248,Klebsiella phage EPM-Kp21,Klebsiella pneumoniae,49658,central tail fiber J,1267,Klebsiella pneumoniae,
klebsiella,PX502248,Klebsiella phage EPM-Kp21,Klebsiella pneumoniae,49658,tail fiber protein,897,Klebsiella pneumoniae,
klebsiella,PX502247,Klebsiella phage EPM-Kp19,Klebsiella pneumoniae,159701,tail fiber protein,834,Klebsiella pneumoniae,
klebsiella,PX502247,Klebsiella phage EPM-Kp19,Klebsiella pneumoniae,159701,tail spike protein,675,Klebsiella pneumoniae,
klebsiella,PX502246,Klebsiella phage EPM-Kp15,Klebsiella pneumoniae,49646,central tail fiber J,1267,Klebsiella pneumoniae,
klebsiella,PX502246,Klebsiella phage EPM-Kp15,Klebsiella pneumoniae,49646,tail fiber protein,897,Klebsiella pneumoniae,
klebsiella,PX502245,Klebsiella phage EPM-Kp24,Klebsiella pneumoniae,49033,central tail fiber J,1234,Klebsiella pneumoniae,
klebsiella,PX502245,Klebsiella phage EPM-Kp24,Klebsiella pneumoniae,49033,tail fiber protein,762,Klebsiella pneumoniae,
klebsiella,PX502244,Klebsiella phage EPM-Kp20,Klebsiella pneumoniae,50139,central tail fiber J,1267,Klebsiella pneumoniae,
klebsiella,PX502244,Klebsiella phage EPM-Kp20,Klebsiella pneumoniae,50139,tail fiber protein,897,Klebsiella pneumoniae,
klebsiella,PX502243,Klebsiella phage EPM-Kp18,Klebsiella pneumoniae,46863,central tail fiber J,749,Klebsiella pneumoniae,
klebsiella,PX502243,Klebsiella phage EPM-Kp18,Klebsiella pneumoniae,46863,tail fiber protein,808,Klebsiella pneumoniae,
klebsiella,PX502242,Klebsiella phage EPM-Kp17,Klebsiella pneumoniae,49628,central tail fiber J,1267,Klebsiella pneumoniae,
klebsiella,PX502242,Klebsiella phage EPM-Kp17,Klebsiella pneumoniae,49628,tail fiber protein,907,Klebsiella pneumoniae,
klebsiella,PX502241,Klebsiella phage EPM-Kp16,Klebsiella pneumoniae,49640,central tail fiber J,928,Klebsiella pneumoniae,
klebsiella,PX502241,Klebsiella phage EPM-Kp16,Klebsiella pneumoniae,49640,tail fiber protein,907,Klebsiella pneumoniae,
klebsiella,PX502240,Klebsiella phage EPM-Kp14,Klebsiella pneumoniae,44798,tail fiber protein,946,Klebsiella pneumoniae,
klebsiella,PX502238,Klebsiella phage EPM-Kp12,Klebsiella pneumoniae,45068,tail fiber protein,1352,Klebsiella pneumoniae,
klebsiella,PX502237,Klebsiella phage EPM-Kp11,Klebsiella pneumoniae,41486,tail fiber protein,655,Klebsiella pneumoniae,
klebsiella,PX502236,Klebsiella phage EPM-Kp10,Klebsiella pneumoniae,41486,tail fiber protein,1017,Klebsiella pneumoniae,
klebsiella,PX502235,Klebsiella phage EPM-Kp9,Klebsiella pneumoniae,47951,tail fiber protein,216,Klebsiella pneumoniae,
klebsiella,PX502234,Klebsiella phage EPM-Kp8,Klebsiella pneumoniae,49625,tail fiber protein,216,Klebsiella pneumoniae,
klebsiella,PX502233,Klebsiella phage EPM-Kp7,Klebsiella pneumoniae,41474,tail fiber protein,566,Klebsiella pneumoniae,
klebsiella,PX502232,Klebsiella phage EPM-Kp6,Klebsiella pneumoniae,47951,non-contractile tail fiber protein,711,Klebsiella pneumoniae,
klebsiella,PX502232,Klebsiella phage EPM-Kp6,Klebsiella pneumoniae,47951,putative tail fiber protein,199,Klebsiella pneumoniae,
klebsiella,PX502231,Klebsiella phage EPM-Kp5,Klebsiella pneumoniae,47951,tail fiber protein,216,Klebsiella pneumoniae,
klebsiella,PX502230,Klebsiella phage EPM-Kp4,Klebsiella pneumoniae,49612,tail fiber protein,216,Klebsiella pneumoniae,
klebsiella,PX502229,Klebsiella phage EPM-Kp3,Klebsiella pneumoniae,50767,central tail fiber J,1256,Klebsiella pneumoniae,
klebsiella,PX502229,Klebsiella phage EPM-Kp3,Klebsiella pneumoniae,50767,tail fiber protein,762,Klebsiella pneumoniae,
klebsiella,OR090992,Klebsiella phage C2,Klebsiella pneumoniae,87369,tail fiber,382,Klebsiella pneumoniae,
klebsiella,OR090990,Klebsiella phage Shaphc-H1-9,Klebsiella pneumoniae,167559,L-shaped tail fiber protein,1476,Klebsiella pneumoniae,
klebsiella,OR090990,Klebsiella phage Shaphc-H1-9,Klebsiella pneumoniae,167559,tail fibers protein,216,Klebsiella pneumoniae,
klebsiella,OR090990,Klebsiella phage Shaphc-H1-9,Klebsiella pneumoniae,167559,tail fiber protein,378,Klebsiella pneumoniae,
klebsiella,OR090990,Klebsiella phage Shaphc-H1-9,Klebsiella pneumoniae,167559,straight tail fiber,448,Klebsiella pneumoniae,
klebsiella,OR090995,Klebsiella phage 909,Klebsiella pneumoniae,167662,L-shaped tail fiber protein,1392,Klebsiella pneumoniae,
klebsiella,OR090995,Klebsiella phage 909,Klebsiella pneumoniae,167662,tail fibers protein,216,Klebsiella pneumoniae,
klebsiella,OR090995,Klebsiella phage 909,Klebsiella pneumoniae,167662,tail fiber protein,378,Klebsiella pneumoniae,
klebsiella,OR090995,Klebsiella phage 909,Klebsiella pneumoniae,167662,straight tail fiber,448,Klebsiella pneumoniae,
klebsiella,OR090993,Klebsiella phage 902,Klebsiella pneumoniae,43274,non-contractile tail fiber protein,318,Klebsiella pneumoniae,
klebsiella,OR090991,Klebsiella phage Shaphc-XXJ,Klebsiella pneumoniae,84286,tail fibers protein,161,Klebsiella pneumoniae,
klebsiella,OR090989,Klebsiella phage Shaphc-H1-8_1,Klebsiella pneumoniae,176114,L-shaped tail fiber protein,1354,Klebsiella pneumoniae,
klebsiella,OR090989,Klebsiella phage Shaphc-H1-8_1,Klebsiella pneumoniae,176114,tail fibers protein,461,Klebsiella pneumoniae,
klebsiella,OR090988,Klebsiella phage Shaphc-A1K3_2,Klebsiella pneumoniae,49814,tail fiber protein,1276,Klebsiella pneumoniae,
klebsiella,OR090987,Klebsiella phage Shaphc-A1K2,Klebsiella pneumoniae,43798,non-contractile tail fiber protein,318,Klebsiella pneumoniae,
klebsiella,OR090986,Klebsiella phage Shaphc-A1K1,Klebsiella pneumoniae,166434,L-shaped tail fiber protein,1392,Klebsiella pneumoniae,
klebsiella,OR090986,Klebsiella phage Shaphc-A1K1,Klebsiella pneumoniae,166434,tail fibers protein,230,Klebsiella pneumoniae,
klebsiella,OR090986,Klebsiella phage Shaphc-A1K1,Klebsiella pneumoniae,166434,tail fiber protein,378,Klebsiella pneumoniae,
klebsiella,OR090986,Klebsiella phage Shaphc-A1K1,Klebsiella pneumoniae,166434,straight tail fiber,448,Klebsiella pneumoniae,
klebsiella,OR090985,Klebsiella phage Shaphc-910.y_1,Klebsiella pneumoniae,39686,non-contractile tail fiber protein,535,Klebsiella pneumoniae,
klebsiella,OR090984,Klebsiella phage 910,Klebsiella pneumoniae,38741,non-contractile tail fiber protein,535,Klebsiella pneumoniae,
klebsiella,OR090983,Klebsiella phage 907,Klebsiella pneumoniae,39465,non-contractile tail fiber protein,558,Klebsiella pneumoniae,
klebsiella,OR090982,Klebsiella phage 906,Klebsiella pneumoniae,38740,non-contractile tail fiber protein,535,Klebsiella pneumoniae,
klebsiella,OR090981,Klebsiella phage 904,Klebsiella pneumoniae,38681,non-contractile tail fiber protein,575,Klebsiella pneumoniae,
klebsiella,OR090980,Klebsiella phage Shaphc-903.y,Klebsiella pneumoniae,48748,tail fiber protein,1148,Klebsiella pneumoniae,
klebsiella,OR090979,Klebsiella phage 903,Klebsiella pneumoniae,38990,non-contractile tail fiber protein,575,Klebsiella pneumoniae,
klebsiella,OR090978,Klebsiella phage Shaphc-901.n_2,Klebsiella pneumoniae,39372,non-contractile tail fiber protein,558,Klebsiella pneumoniae,
klebsiella,OR090977,Klebsiella phage 901,Klebsiella pneumoniae,49341,tail fiber protein,1148,Klebsiella pneumoniae,
klebsiella,OR090976,Klebsiella phage Shaphc-173,Klebsiella pneumoniae,168391,L-shaped tail fiber protein,1392,Klebsiella pneumoniae,
klebsiella,OR090976,Klebsiella phage Shaphc-173,Klebsiella pneumoniae,168391,tail fibers protein,216,Klebsiella pneumoniae,
klebsiella,OR090976,Klebsiella phage Shaphc-173,Klebsiella pneumoniae,168391,tail fiber protein,378,Klebsiella pneumoniae,
klebsiella,OR090976,Klebsiella phage Shaphc-173,Klebsiella pneumoniae,168391,straight tail fiber,448,Klebsiella pneumoniae,
ecoli,PZ452607,Escherichia phage T1,Escherichia coli,48737,central tail fiber J,1139,Escherichia coli,
ecoli,PZ452607,Escherichia phage T1,Escherichia coli,48737,tail fiber protein,728,Escherichia coli,
ecoli,PZ452606,Escherichia phage Sew9,Escherichia coli,167133,tail fiber protein,102,Escherichia coli,
ecoli,PZ452606,Escherichia phage Sew9,Escherichia coli,167133,long tail fiber protein distal subunit,1226,Escherichia coli,
ecoli,PZ452605,Escherichia phage Sew11,Escherichia coli,50828,central tail fiber J,1192,Escherichia coli,
ecoli,PZ452604,Escherichia phage RB69,Escherichia coli,167536,tail fiber protein,98,Escherichia coli,
ecoli,PZ452604,Escherichia phage RB69,Escherichia coli,167536,long tail fiber protein distal subunit,1103,Escherichia coli,
ecoli,PZ452599,Escherichia phage RB36,Escherichia coli,51263,central tail fiber J,1192,Escherichia coli,
ecoli,PZ452599,Escherichia phage RB36,Escherichia coli,51263,tail fiber protein,767,Escherichia coli,
ecoli,PZ452593,Escherichia phage RB14,Escherichia coli,165429,tail fiber protein,102,Escherichia coli,
ecoli,PZ452593,Escherichia phage RB14,Escherichia coli,165429,long tail fiber protein distal subunit,981,Escherichia coli,
ecoli,PZ445554,Escherichia phage Ox4,Escherichia coli,164424,tail fiber protein,102,Escherichia coli,
ecoli,PZ445554,Escherichia phage Ox4,Escherichia coli,164424,long tail fiber protein distal subunit,994,Escherichia coli,
ecoli,PZ445553,Escherichia phage BabyEgg,Escherichia coli,50849,central tail fiber J,1192,Escherichia coli,
ecoli,PZ445552,Escherichia phage Elenatom,Escherichia coli,167770,tail fiber protein,102,Escherichia coli,
ecoli,PZ445552,Escherichia phage Elenatom,Escherichia coli,167770,long tail fiber protein distal subunit,995,Escherichia coli,
ecoli,PZ445551,Escherichia phage VivaForever,Escherichia coli,146096,tail fiber protein,236,Escherichia coli,
ecoli,PZ445550,Escherichia phage KookSpook,Escherichia coli,111933,central tail fiber J,949,Escherichia coli,
ecoli,PZ445550,Escherichia phage KookSpook,Escherichia coli,111933,collar tail protein for L-shaped tail fiber attachment,140,Escherichia coli,
ecoli,PZ445550,Escherichia phage KookSpook,Escherichia coli,111933,tail fiber protein,582,Escherichia coli,
ecoli,PZ445550,Escherichia phage KookSpook,Escherichia coli,111933,receptor binding tail protein,591,Escherichia coli,
ecoli,PZ445549,Escherichia phage SholemSchwarzbard,Escherichia coli,167103,tail fiber protein,102,Escherichia coli,
ecoli,PZ445549,Escherichia phage SholemSchwarzbard,Escherichia coli,167103,long tail fiber protein distal subunit,1227,Escherichia coli,
ecoli,PZ445548,Escherichia phage PinkRuby,Escherichia coli,167361,tail fiber protein,102,Escherichia coli,
ecoli,PZ445548,Escherichia phage PinkRuby,Escherichia coli,167361,long tail fiber protein distal subunit,1287,Escherichia coli,
ecoli,PZ445547,Escherichia phage MagusPhagus,Escherichia coli,54396,central tail fiber J,1478,Escherichia coli,
ecoli,PZ445547,Escherichia phage MagusPhagus,Escherichia coli,54396,tail fiber protein,1160,Escherichia coli,
ecoli,PZ445546,Escherichia phage Nernie,Escherichia coli,146258,tail fiber protein,236,Escherichia coli,
ecoli,PZ445545,Escherichia phage MiataMamis,Escherichia coli,136574,tail fiber protein,294,Escherichia coli,
ecoli,PZ445545,Escherichia phage MiataMamis,Escherichia coli,136574,central tail fiber J,1279,Escherichia coli,
ecoli,PZ445544,Escherichia phage Fostie,Escherichia coli,38253,central tail fiber J,1183,Escherichia coli,
ecoli,PZ445544,Escherichia phage Fostie,Escherichia coli,38253,tail fiber protein,435,Escherichia coli,
ecoli,PZ445543,Escherichia phage Pinarejo,Escherichia coli,168090,tail fiber protein,102,Escherichia coli,
ecoli,PZ445543,Escherichia phage Pinarejo,Escherichia coli,168090,long tail fiber protein distal subunit,995,Escherichia coli,
ecoli,PZ445542,Escherichia phage SpoonbillGilly,Escherichia coli,113603,central tail fiber J,949,Escherichia coli,
ecoli,PZ445542,Escherichia phage SpoonbillGilly,Escherichia coli,113603,collar tail protein for L-shaped tail fiber attachment,140,Escherichia coli,
ecoli,PZ445542,Escherichia phage SpoonbillGilly,Escherichia coli,113603,tail fiber protein,1017,Escherichia coli,
ecoli,PZ445541,Escherichia phage Antha,Escherichia coli,145329,tail fiber protein,236,Escherichia coli,
ecoli,PZ445540,Escherichia phage SaltyDalty,Escherichia coli,40233,central tail fiber J,1058,Escherichia coli,
ecoli,PZ445540,Escherichia phage SaltyDalty,Escherichia coli,40233,tail fiber protein,389,Escherichia coli,
ecoli,PZ445539,Escherichia phage LMessi,Escherichia coli,37196,central tail fiber J,1178,Escherichia coli,
ecoli,PZ445539,Escherichia phage LMessi,Escherichia coli,37196,tail fiber protein,461,Escherichia coli,
ecoli,PZ445538,Escherichia phage Kalemo,Escherichia coli,50469,central tail fiber J,1141,Escherichia coli,
ecoli,PZ445538,Escherichia phage Kalemo,Escherichia coli,50469,tail fiber protein,720,Escherichia coli,
ecoli,PZ445537,Escherichia phage Eeyore,Escherichia coli,45054,central tail fiber J,1186,Escherichia coli,
ecoli,PZ445537,Escherichia phage Eeyore,Escherichia coli,45054,tail fiber protein,428,Escherichia coli,
ecoli,PZ445536,Escherichia phage KCP_072,Escherichia coli,165701,tail fiber protein,102,Escherichia coli,
ecoli,PZ445536,Escherichia phage KCP_072,Escherichia coli,165701,long tail fiber protein distal subunit,1064,Escherichia coli,
ecoli,PZ445535,Escherichia phage KCP_068,Escherichia coli,44793,central tail fiber J,1148,Escherichia coli,
ecoli,PZ445535,Escherichia phage KCP_068,Escherichia coli,44793,tail fiber protein,637,Escherichia coli,
ecoli,PZ445534,Escherichia phage KCP_064,Escherichia coli,86245,tail fiber protein,382,Escherichia coli,
ecoli,PZ445533,Escherichia phage KCP_055,Escherichia coli,48914,central tail fiber J,1192,Escherichia coli,
ecoli,PZ445533,Escherichia phage KCP_055,Escherichia coli,48914,tail fiber protein,245,Escherichia coli,
ecoli,PZ445532,Escherichia phage KCP_045,Escherichia coli,44581,central tail fiber J,1139,Escherichia coli,
ecoli,PZ445532,Escherichia phage KCP_045,Escherichia coli,44581,tail fiber protein,586,Escherichia coli,
ecoli,PZ445531,Escherichia phage KCP_042,Escherichia coli,43741,central tail fiber J,1139,Escherichia coli,
ecoli,PZ445531,Escherichia phage KCP_042,Escherichia coli,43741,tail fiber protein,522,Escherichia coli,
ecoli,PZ445530,Escherichia phage KCP_031,Escherichia coli,130421,tail fiber protein,294,Escherichia coli,
ecoli,PZ445530,Escherichia phage KCP_031,Escherichia coli,130421,central tail fiber J,1199,Escherichia coli,
ecoli,PZ445529,Escherichia phage KCP_017,Escherichia coli,43663,tail fiber protein,522,Escherichia coli,
ecoli,PZ445529,Escherichia phage KCP_017,Escherichia coli,43663,central tail fiber J,1139,Escherichia coli,
ecoli,PZ445517,Escherichia phage T4_ev240,Escherichia coli,166954,tail fiber protein,102,Escherichia coli,
ecoli,PZ445517,Escherichia phage T4_ev240,Escherichia coli,166954,long tail fiber protein distal subunit,1027,Escherichia coli,
ecoli,PZ445516,Escherichia phage T5_ev219,Escherichia coli,110394,central tail fiber J,949,Escherichia coli,
ecoli,PZ445516,Escherichia phage T5_ev219,Escherichia coli,110394,collar tail protein for L-shaped tail fiber attachment,140,Escherichia coli,
ecoli,PZ445516,Escherichia phage T5_ev219,Escherichia coli,110394,tail fiber protein,573,Escherichia coli,
ecoli,PZ445516,Escherichia phage T5_ev219,Escherichia coli,110394,receptor binding tail protein,585,Escherichia coli,
ecoli,PZ445515,Escherichia phage T5_ev212,Escherichia coli,108546,central tail fiber J,949,Escherichia coli,
ecoli,PZ445515,Escherichia phage T5_ev212,Escherichia coli,108546,collar tail protein for L-shaped tail fiber attachment,140,Escherichia coli,
ecoli,PZ445515,Escherichia phage T5_ev212,Escherichia coli,108546,tail fiber protein,922,Escherichia coli,
ecoli,PZ445515,Escherichia phage T5_ev212,Escherichia coli,108546,receptor binding tail protein,585,Escherichia coli,
ecoli,PZ445514,Escherichia phage rV5_ev156,Escherichia coli,136385,tail fiber protein,581,Escherichia coli,
ecoli,PZ445514,Escherichia phage rV5_ev156,Escherichia coli,136385,central tail fiber J,1279,Escherichia coli,
ecoli,PZ445513,Escherichia phage rV5_ev146,Escherichia coli,131919,tail fiber protein,303,Escherichia coli,
ecoli,PZ445513,Escherichia phage rV5_ev146,Escherichia coli,131919,central tail fiber J,1199,Escherichia coli,
ecoli,PZ445512,Escherichia phage Stevie_ev116,Escherichia coli,48646,central tail fiber J,1258,Escherichia coli,
ecoli,PZ445512,Escherichia phage Stevie_ev116,Escherichia coli,48646,tail fiber protein,723,Escherichia coli,
ecoli,PZ445510,Escherichia phage McMelon,Escherichia coli,44740,central tail fiber J,1139,Escherichia coli,
ecoli,PZ445510,Escherichia phage McMelon,Escherichia coli,44740,tail fiber protein,607,Escherichia coli,
ecoli,PZ445509,Escherichia phage vB_Eco_mar004NP2,Escherichia coli,98745,central tail fiber J,950,Escherichia coli,
ecoli,PZ445509,Escherichia phage vB_Eco_mar004NP2,Escherichia coli,98745,collar tail protein for L-shaped tail fiber attachment,140,Escherichia coli,
ecoli,PZ445509,Escherichia phage vB_Eco_mar004NP2,Escherichia coli,98745,tail fiber protein,98,Escherichia coli,
ecoli,PZ445509,Escherichia phage vB_Eco_mar004NP2,Escherichia coli,98745,receptor binding tail protein,585,Escherichia coli,
ecoli,PZ445508,Escherichia phage MartyMcPhage,Escherichia coli,51258,central tail fiber J,1192,Escherichia coli,
ecoli,PZ445507,Escherichia phage RobRod40,Escherichia coli,47574,tail fiber protein,477,Escherichia coli,
ecoli,PZ445507,Escherichia phage RobRod40,Escherichia coli,47574,central tail fiber J,1151,Escherichia coli,
ecoli,PZ445506,Escherichia phage WaterSpirit,Escherichia coli,51324,central tail fiber J,1192,Escherichia coli,
ecoli,PZ445505,Escherichia phage GoldenSnicker,Escherichia coli,163470,tail fiber protein,104,Escherichia coli,
ecoli,PZ445505,Escherichia phage GoldenSnicker,Escherichia coli,163470,long tail fiber protein distal subunit,967,Escherichia coli,
ecoli,PZ445504,Escherichia phage BubbaBully,Escherichia coli,51209,central tail fiber J,1141,Escherichia coli,
ecoli,PZ445504,Escherichia phage BubbaBully,Escherichia coli,51209,tail fiber protein,712,Escherichia coli,
ecoli,PZ445503,Escherichia phage LinBro,Escherichia coli,85930,tail fiber protein,382,Escherichia coli,
ecoli,PZ445502,Escherichia phage tunus,Escherichia coli,50979,central tail fiber J,1192,Escherichia coli,
ecoli,PZ445502,Escherichia phage tunus,Escherichia coli,50979,tail fiber protein,245,Escherichia coli,
ecoli,PZ445501,Escherichia phage MatMar,Escherichia coli,50761,central tail fiber J,1192,Escherichia coli,
ecoli,PZ445501,Escherichia phage MatMar,Escherichia coli,50761,tail fiber protein,231,Escherichia coli,
ecoli,PZ445500,Escherichia phage Tuinin,Escherichia coli,51375,central tail fiber J,1192,Escherichia coli,
ecoli,PZ445500,Escherichia phage Tuinin,Escherichia coli,51375,tail fiber protein,224,Escherichia coli,
ecoli,PZ445499,Escherichia phage MikeNSara,Escherichia coli,50759,tail fiber protein,711,Escherichia coli,
ecoli,PZ445499,Escherichia phage MikeNSara,Escherichia coli,50759,central tail fiber J,1141,Escherichia coli,
ecoli,PZ445498,Escherichia phage Aragogtheria,Escherichia coli,110979,central tail fiber J,949,Escherichia coli,
ecoli,PZ445498,Escherichia phage Aragogtheria,Escherichia coli,110979,collar tail protein for L-shaped tail fiber attachment,140,Escherichia coli,
ecoli,PZ445498,Escherichia phage Aragogtheria,Escherichia coli,110979,tail fiber protein,594,Escherichia coli,
ecoli,PZ445497,Escherichia phage Delraymugoa,Escherichia coli,164032,tail fiber protein,104,Escherichia coli,
ecoli,PZ445497,Escherichia phage Delraymugoa,Escherichia coli,164032,long tail fiber protein distal subunit,968,Escherichia coli,
ecoli,PZ445496,Escherichia phage SmurfNell,Escherichia coli,111148,central tail fiber J,949,Escherichia coli,
ecoli,PZ445496,Escherichia phage SmurfNell,Escherichia coli,111148,collar tail protein for L-shaped tail fiber attachment,140,Escherichia coli,
ecoli,PZ445496,Escherichia phage SmurfNell,Escherichia coli,111148,tail fiber protein,983,Escherichia coli,
ecoli,PZ445495,Escherichia phage NorthRox,Escherichia coli,51138,central tail fiber J,1141,Escherichia coli,
ecoli,PZ445495,Escherichia phage NorthRox,Escherichia coli,51138,tail fiber protein,869,Escherichia coli,
ecoli,PZ445493,Escherichia phage Phagiculus,Escherichia coli,46458,tail fiber protein,513,Escherichia coli,
ecoli,PZ445493,Escherichia phage Phagiculus,Escherichia coli,46458,central tail fiber J,1131,Escherichia coli,
ecoli,PZ445493,Escherichia phage Phagiculus,Escherichia coli,46458,tail spike protein,894,Escherichia coli,
ecoli,PZ445492,Escherichia phage Stokescottia,Escherichia coli,109873,central tail fiber J,949,Escherichia coli,
ecoli,PZ445492,Escherichia phage Stokescottia,Escherichia coli,109873,collar tail protein for L-shaped tail fiber attachment,140,Escherichia coli,
ecoli,PZ445492,Escherichia phage Stokescottia,Escherichia coli,109873,tail fiber protein,576,Escherichia coli,
ecoli,PZ445492,Escherichia phage Stokescottia,Escherichia coli,109873,receptor binding tail protein,585,Escherichia coli,
ecoli,PZ445489,Escherichia phage EcoS-CEV2,Escherichia coli,108308,central tail fiber J,949,Escherichia coli,
ecoli,PZ445489,Escherichia phage EcoS-CEV2,Escherichia coli,108308,collar tail protein for L-shaped tail fiber attachment,140,Escherichia coli,
ecoli,PZ445489,Escherichia phage EcoS-CEV2,Escherichia coli,108308,tail fiber protein,922,Escherichia coli,
ecoli,PZ445489,Escherichia phage EcoS-CEV2,Escherichia coli,108308,tail spike protein,640,Escherichia coli,
ecoli,PZ445488,Escherichia phage CEV1,Escherichia coli,170067,tail fiber protein,98,Escherichia coli,
ecoli,PZ445488,Escherichia phage CEV1,Escherichia coli,170067,long tail fiber protein distal subunit,1097,Escherichia coli,
ecoli,PZ445487,Escherichia phage Cba120,Escherichia coli,157304,tail spike protein,627,Escherichia coli,
ecoli,PZ445487,Escherichia phage Cba120,Escherichia coli,157304,tail fiber protein,926,Escherichia coli,
ecoli,PZ445485,Escherichia phage RudolfBernhard_Bas96,Escherichia coli,71919,tail fiber protein,642,Escherichia coli,
ecoli,PZ445484,Escherichia phage AidaStucki_Bas93,Escherichia coli,68941,tail fiber protein,882,Escherichia coli,
ecoli,PZ445473,Escherichia phage JacquesWildberger_Bas92,Escherichia coli,67722,tail fiber protein,882,Escherichia coli,
ecoli,PZ445472,Escherichia phage SkaterBoy_Bas90,Escherichia coli,77553,tail fiber protein,852,Escherichia coli,
ecoli,PZ445471,Escherichia phage JohannBuxtorf_Bas84,Escherichia coli,44272,central tail fiber J,1148,Escherichia coli,
ecoli,PZ445471,Escherichia phage JohannBuxtorf_Bas84,Escherichia coli,44272,tail fiber protein,607,Escherichia coli,
ecoli,PZ445470,Escherichia phage Haito_Bas83,Escherichia coli,44876,central tail fiber J,1148,Escherichia coli,
ecoli,PZ445470,Escherichia phage Haito_Bas83,Escherichia coli,44876,tail fiber protein,601,Escherichia coli,
ecoli,PZ445469,Escherichia phage KarinMuster_Bas82,Escherichia coli,58388,tail spike protein,647,Escherichia coli,
ecoli,PZ445467,Escherichia phage SusanneMuster_Bas79,Escherichia coli,46874,tail spike protein,635,Escherichia coli,
ecoli,PZ445466,Escherichia phage SandraMuster_Bas78,Escherichia coli,46496,tail spike protein,635,Escherichia coli,
ecoli,PZ445465,Escherichia phage ClaudiaMuster_Bas77,Escherichia coli,46037,tail spike protein,635,Escherichia coli,
ecoli,PZ445464,Escherichia phage AnnaReinhart_Bas75,Escherichia coli,43846,tail spike protein,726,Escherichia coli,
ecoli,PZ445463,Escherichia phage SonjaBuckley_Bas74,Escherichia coli,43096,tail fiber protein,204,Escherichia coli,
ecoli,PZ445463,Escherichia phage SonjaBuckley_Bas74,Escherichia coli,43096,tail spike protein,726,Escherichia coli,
ecoli,PZ445462,Escherichia phage GertrudWoker_Bas73,Escherichia coli,43856,tail fiber protein,204,Escherichia coli,
ecoli,PZ445462,Escherichia phage GertrudWoker_Bas73,Escherichia coli,43856,tail spike protein,643,Escherichia coli,
ecoli,PZ445461,Escherichia phage NicoleGrasset_Bas72,Escherichia coli,43746,tail spike protein,643,Escherichia coli,
ecoli,PZ445460,Escherichia phage LotteLoewe_Bas71,Escherichia coli,42712,tail spike protein,643,Escherichia coli,
ecoli,PZ445459,Escherichia phage MarieHeimVoegtlin_Bas70,Escherichia coli,43265,tail spike protein,643,Escherichia coli,
ecoli,PZ445458,Escherichia phage AlfredRasser,Escherichia coli,70850,tail sheath and receptor binding protein,1382,Escherichia coli,
ecoli,PZ445457,Escherichia phage CarlSpitteler,Escherichia coli,39466,tail fiber protein,655,Escherichia coli,
ecoli,PZ445456,Escherichia phage ErnstBeyeler,Escherichia coli,39315,tail fiber protein,624,Escherichia coli,
ecoli,PZ445455,Escherichia phage JacobBurckhardt,Escherichia coli,39451,tail fiber protein,599,Escherichia coli,
ecoli,PZ445454,Escherichia phage JohannRWettstein,Escherichia coli,87100,tail fiber protein,382,Escherichia coli,
ecoli,PZ445453,Escherichia phage JohannJBalmer,Escherichia coli,144830,tail fiber protein,236,Escherichia coli,
ecoli,PZ445452,Escherichia phage EmilieFrey,Escherichia coli,146666,tail fiber protein,236,Escherichia coli,
ecoli,PZ445451,Escherichia phage PaulScherrer,Escherichia coli,150425,tail fiber protein,236,Escherichia coli,
ecoli,PZ445451,Escherichia phage PaulScherrer,Escherichia coli,150425,tail spike protein,101,Escherichia coli,
ecoli,PZ445450,Escherichia phage EduardKellenberger,Escherichia coli,131526,tail fiber protein,303,Escherichia coli,
ecoli,PZ445450,Escherichia phage EduardKellenberger,Escherichia coli,131526,central tail fiber J,1279,Escherichia coli,
ecoli,PZ445449,Escherichia phage HeinrichReichert,Escherichia coli,136906,tail fiber protein,303,Escherichia coli,
ecoli,PZ445449,Escherichia phage HeinrichReichert,Escherichia coli,136906,central tail fiber J,1199,Escherichia coli,
ecoli,PZ445448,Escherichia phage AlexBoehm,Escherichia coli,135345,tail fiber protein,303,Escherichia coli,
ecoli,PZ445448,Escherichia phage AlexBoehm,Escherichia coli,135345,central tail fiber J,1279,Escherichia coli,
ecoli,PZ445447,Escherichia phage MaxBurger,Escherichia coli,136346,tail fiber protein,303,Escherichia coli,
ecoli,PZ445447,Escherichia phage MaxBurger,Escherichia coli,136346,central tail fiber J,1279,Escherichia coli,
ecoli,PZ445446,Escherichia phage JohannBauhin,Escherichia coli,135602,tail fiber protein,294,Escherichia coli,
ecoli,PZ445446,Escherichia phage JohannBauhin,Escherichia coli,135602,central tail fiber J,1279,Escherichia coli,
ecoli,PZ445445,Escherichia phage RudolfGeigy,Escherichia coli,137380,tail fiber protein,303,Escherichia coli,
ecoli,PZ445445,Escherichia phage RudolfGeigy,Escherichia coli,137380,central tail fiber J,1279,Escherichia coli,
ecoli,PZ445444,Escherichia phage WalterGehring,Escherichia coli,140659,tail fiber protein,294,Escherichia coli,
ecoli,PZ445444,Escherichia phage WalterGehring,Escherichia coli,140659,central tail fiber J,1279,Escherichia coli,
ecoli,PZ445443,Escherichia phage DrSchubert,Escherichia coli,138240,tail fiber protein,303,Escherichia coli,
ecoli,PZ445443,Escherichia phage DrSchubert,Escherichia coli,138240,central tail fiber J,1199,Escherichia coli,
ecoli,PZ445442,Escherichia phage EmilHeitz,Escherichia coli,140076,tail fiber protein,303,Escherichia coli,
ecoli,PZ445442,Escherichia phage EmilHeitz,Escherichia coli,140076,central tail fiber J,1279,Escherichia coli,
ecoli,PZ445441,Escherichia phage CarlMeissner,Escherichia coli,137623,tail fiber protein,294,Escherichia coli,
ecoli,PZ445441,Escherichia phage CarlMeissner,Escherichia coli,137623,central tail fiber J,1199,Escherichia coli,
ecoli,PZ445440,Escherichia phage ChristianSchoenbein,Escherichia coli,169031,tail fiber protein,98,Escherichia coli,
ecoli,PZ445440,Escherichia phage ChristianSchoenbein,Escherichia coli,169031,long tail fiber protein distal subunit,1073,Escherichia coli,
ecoli,PZ445439,Escherichia phage PaulHMueller,Escherichia coli,170053,tail fiber protein,102,Escherichia coli,
ecoli,PZ445439,Escherichia phage PaulHMueller,Escherichia coli,170053,long tail fiber protein distal subunit,1302,Escherichia coli,
ecoli,PZ445438,Escherichia phage AdolfPortmann,Escherichia coli,166773,tail fiber protein,102,Escherichia coli,
ecoli,PZ445438,Escherichia phage AdolfPortmann,Escherichia coli,166773,long tail fiber protein distal subunit,1091,Escherichia coli,
ecoli,PZ445437,Escherichia phage TadeuszReichstein,Escherichia coli,166115,tail fiber protein,102,Escherichia coli,
ecoli,PZ445437,Escherichia phage TadeuszReichstein,Escherichia coli,166115,long tail fiber protein distal subunit,1312,Escherichia coli,
ecoli,PZ445436,Escherichia phage AndreasVesalius,Escherichia coli,168255,tail fiber protein,102,Escherichia coli,
ecoli,PZ445436,Escherichia phage AndreasVesalius,Escherichia coli,168255,long tail fiber protein distal subunit,1090,Escherichia coli,
ecoli,PZ445435,Escherichia phage FelixPlatter,Escherichia coli,164714,tail fiber protein,102,Escherichia coli,
ecoli,PZ445435,Escherichia phage FelixPlatter,Escherichia coli,164714,long tail fiber protein distal subunit,1091,Escherichia coli,
ecoli,PZ445434,Escherichia phage Paracelsus,Escherichia coli,167732,tail fiber protein,102,Escherichia coli,
ecoli,PZ445434,Escherichia phage Paracelsus,Escherichia coli,167732,long tail fiber protein distal subunit,982,Escherichia coli,
ecoli,PZ445433,Escherichia phage WilhelmHis,Escherichia coli,166861,tail fiber protein,102,Escherichia coli,
ecoli,PZ445433,Escherichia phage WilhelmHis,Escherichia coli,166861,long tail fiber protein distal subunit,982,Escherichia coli,
ecoli,PZ445432,Escherichia phage HildyBeyeler,Escherichia coli,106566,central tail fiber J,949,Escherichia coli,
ecoli,PZ445432,Escherichia phage HildyBeyeler,Escherichia coli,106566,collar tail protein for L-shaped tail fiber attachment,140,Escherichia coli,
ecoli,PZ445432,Escherichia phage HildyBeyeler,Escherichia coli,106566,tail fiber protein,1374,Escherichia coli,
ecoli,PZ445432,Escherichia phage HildyBeyeler,Escherichia coli,106566,receptor binding tail protein,595,Escherichia coli,
ecoli,PZ445431,Escherichia phage TrudiRoth,Escherichia coli,113509,central tail fiber J,949,Escherichia coli,
ecoli,PZ445431,Escherichia phage TrudiRoth,Escherichia coli,113509,collar tail protein for L-shaped tail fiber attachment,140,Escherichia coli,
ecoli,PZ445431,Escherichia phage TrudiRoth,Escherichia coli,113509,tail fiber protein,900,Escherichia coli,
ecoli,PZ445430,Escherichia phage SuperGirl,Escherichia coli,110823,central tail fiber J,949,Escherichia coli,
ecoli,PZ445430,Escherichia phage SuperGirl,Escherichia coli,110823,collar tail protein for L-shaped tail fiber attachment,140,Escherichia coli,
ecoli,PZ445430,Escherichia phage SuperGirl,Escherichia coli,110823,tail fiber protein,983,Escherichia coli,
ecoli,PZ445429,Escherichia phage IrmaTschudi,Escherichia coli,115446,central tail fiber J,949,Escherichia coli,
ecoli,PZ445429,Escherichia phage IrmaTschudi,Escherichia coli,115446,collar tail protein for L-shaped tail fiber attachment,140,Escherichia coli,
ecoli,PZ445429,Escherichia phage IrmaTschudi,Escherichia coli,115446,tail fiber protein,679,Escherichia coli,
ecoli,PZ445428,Escherichia phage TrudiGerster,Escherichia coli,114181,central tail fiber J,949,Escherichia coli,
ecoli,PZ445428,Escherichia phage TrudiGerster,Escherichia coli,114181,collar tail protein for L-shaped tail fiber attachment,140,Escherichia coli,
ecoli,PZ445428,Escherichia phage TrudiGerster,Escherichia coli,114181,tail fiber protein,1132,Escherichia coli,
ecoli,PZ445428,Escherichia phage TrudiGerster,Escherichia coli,114181,receptor binding tail protein,590,Escherichia coli,
ecoli,PZ445427,Escherichia phage GreteKellenberger,Escherichia coli,114196,central tail fiber J,949,Escherichia coli,
ecoli,PZ445427,Escherichia phage GreteKellenberger,Escherichia coli,114196,collar tail protein for L-shaped tail fiber attachment,140,Escherichia coli,
ecoli,PZ445427,Escherichia phage GreteKellenberger,Escherichia coli,114196,tail fiber protein,1034,Escherichia coli,
ecoli,PZ445427,Escherichia phage GreteKellenberger,Escherichia coli,114196,receptor binding tail protein,593,Escherichia coli,
ecoli,PZ445426,Escherichia phage VogelGryff,Escherichia coli,58342,central tail fiber J,879,Escherichia coli,
ecoli,PZ445426,Escherichia phage VogelGryff,Escherichia coli,58342,tail fiber protein,384,Escherichia coli,
ecoli,PZ445425,Escherichia phage SeppeHuegi,Escherichia coli,60068,central tail fiber J,1040,Escherichia coli,
ecoli,PZ445425,Escherichia phage SeppeHuegi,Escherichia coli,60068,tail fiber protein,1026,Escherichia coli,
ecoli,PZ445424,Escherichia phage WildeMaa,Escherichia coli,60094,central tail fiber J,1040,Escherichia coli,
ecoli,PZ445424,Escherichia phage WildeMaa,Escherichia coli,60094,tail fiber protein,1128,Escherichia coli,
ecoli,PZ445423,Escherichia phage KurtStettler,Escherichia coli,58567,central tail fiber J,987,Escherichia coli,
ecoli,PZ445423,Escherichia phage KurtStettler,Escherichia coli,58567,tail fiber protein,510,Escherichia coli,
ecoli,PZ445422,Escherichia phage GottfriedDienst,Escherichia coli,56589,tail fiber protein,113,Escherichia coli,
ecoli,PZ445422,Escherichia phage GottfriedDienst,Escherichia coli,56589,central tail fiber J,1040,Escherichia coli,
ecoli,PZ445421,Escherichia phage FritzHoffmann,Escherichia coli,59835,central tail fiber J,925,Escherichia coli,
ecoli,PZ445421,Escherichia phage FritzHoffmann,Escherichia coli,59835,tail fiber protein,1060,Escherichia coli,
ecoli,PZ445420,Escherichia phage ChristophMerian,Escherichia coli,58073,central tail fiber J,879,Escherichia coli,
ecoli,PZ445420,Escherichia phage ChristophMerian,Escherichia coli,58073,tail fiber protein,633,Escherichia coli,
ecoli,PZ445419,Escherichia phage Oekolampad,Escherichia coli,44882,central tail fiber J,1148,Escherichia coli,
ecoli,PZ445419,Escherichia phage Oekolampad,Escherichia coli,44882,tail fiber protein,606,Escherichia coli,
ecoli,PZ445418,Escherichia phage KarlBarth,Escherichia coli,43104,central tail fiber J,1139,Escherichia coli,
ecoli,PZ445418,Escherichia phage KarlBarth,Escherichia coli,43104,tail fiber protein,98,Escherichia coli,
ecoli,PZ445417,Escherichia phage PaulFeyerabend,Escherichia coli,44550,central tail fiber J,1139,Escherichia coli,
ecoli,PZ445417,Escherichia phage PaulFeyerabend,Escherichia coli,44550,tail fiber protein,716,Escherichia coli,
ecoli,PZ445416,Escherichia phage LeonhardEuler,Escherichia coli,50192,central tail fiber J,1139,Escherichia coli,
ecoli,PZ445416,Escherichia phage LeonhardEuler,Escherichia coli,50192,tail fiber protein,660,Escherichia coli,
ecoli,PZ445415,Escherichia phage HansTraber_Bas100,Escherichia coli,68355,tail fiber protein,306,Escherichia coli,
ecoli,PZ445414,Escherichia phage IsaakIselin,Escherichia coli,49911,central tail fiber J,1192,Escherichia coli,
ecoli,PZ445414,Escherichia phage IsaakIselin,Escherichia coli,49911,tail fiber protein,666,Escherichia coli,
ecoli,PZ445413,Escherichia phage PaulSarasin,Escherichia coli,51285,central tail fiber J,1141,Escherichia coli,
ecoli,PZ445413,Escherichia phage PaulSarasin,Escherichia coli,51285,tail fiber protein,757,Escherichia coli,
ecoli,PZ445412,Escherichia phage DanielBernoulli,Escherichia coli,50731,central tail fiber J,1258,Escherichia coli,
ecoli,PZ445412,Escherichia phage DanielBernoulli,Escherichia coli,50731,tail fiber protein,639,Escherichia coli,
ecoli,PZ445411,Escherichia phage JakobBernoulli,Escherichia coli,51129,central tail fiber J,1141,Escherichia coli,
ecoli,PZ445411,Escherichia phage JakobBernoulli,Escherichia coli,51129,tail fiber protein,774,Escherichia coli,
ecoli,PZ445410,Escherichia phage KarlJaspers,Escherichia coli,51474,central tail fiber J,1192,Escherichia coli,
ecoli,PZ445410,Escherichia phage KarlJaspers,Escherichia coli,51474,tail fiber protein,221,Escherichia coli,
ecoli,PZ445409,Escherichia phage PeterMerian,Escherichia coli,47775,central tail fiber J,1192,Escherichia coli,
ecoli,PZ445409,Escherichia phage PeterMerian,Escherichia coli,47775,tail fiber protein,231,Escherichia coli,
ecoli,PZ445408,Escherichia phage FritzSarasin,Escherichia coli,51777,central tail fiber J,1141,Escherichia coli,
ecoli,PZ445408,Escherichia phage FritzSarasin,Escherichia coli,51777,tail fiber protein,869,Escherichia coli,
ecoli,PZ445407,Escherichia phage JulesPiccard,Escherichia coli,47731,central tail fiber J,1118,Escherichia coli,
ecoli,PZ445407,Escherichia phage JulesPiccard,Escherichia coli,47731,tail spike protein,704,Escherichia coli,
ecoli,PZ445406,Escherichia phage JeanPiccard,Escherichia coli,47149,central tail fiber J,1123,Escherichia coli,
ecoli,PZ445406,Escherichia phage JeanPiccard,Escherichia coli,47149,tail fiber protein,842,Escherichia coli,
ecoli,PZ445405,Escherichia phage AugustePiccard,Escherichia coli,50126,tail fiber protein,477,Escherichia coli,
ecoli,PZ445405,Escherichia phage AugustePiccard,Escherichia coli,50126,central tail fiber J,1169,Escherichia coli,
ecoli,PZ386979,Escherichia phage Phoecom,Escherichia coli,51874,central tail fiber J,1192,Escherichia coli,
ecoli,PZ386979,Escherichia phage Phoecom,Escherichia coli,51874,tail fiber protein,565,Escherichia coli,
ecoli,PZ386978,Escherichia phage Mpec7,Escherichia coli,90428,tail fiber protein,388,Escherichia coli,
ecoli,PZ386977,Escherichia phage Mpec6,Escherichia coli,169360,tail fiber protein,98,Escherichia coli,
ecoli,PZ386977,Escherichia phage Mpec6,Escherichia coli,169360,long tail fiber protein distal subunit,1045,Escherichia coli,
ecoli,PZ386976,Escherichia phage Mpec5,Escherichia coli,89776,tail fiber protein,388,Escherichia coli,
ecoli,PZ386975,Escherichia phage Mpec4,Escherichia coli,89016,tail fiber protein,388,Escherichia coli,
ecoli,PZ386974,Escherichia phage Mpec3,Escherichia coli,168664,tail fiber protein,98,Escherichia coli,
ecoli,PZ386974,Escherichia phage Mpec3,Escherichia coli,168664,long tail fiber protein distal subunit,1084,Escherichia coli,
ecoli,PZ386973,Escherichia phage Mpec26,Escherichia coli,108633,central tail fiber J,949,Escherichia coli,
ecoli,PZ386973,Escherichia phage Mpec26,Escherichia coli,108633,collar tail protein for L-shaped tail fiber attachment,140,Escherichia coli,
ecoli,PZ386973,Escherichia phage Mpec26,Escherichia coli,108633,tail fiber protein,1358,Escherichia coli,
ecoli,PZ386973,Escherichia phage Mpec26,Escherichia coli,108633,receptor binding tail protein,595,Escherichia coli,
ecoli,PZ386972,Escherichia phage Mpec24,Escherichia coli,107902,central tail fiber J,949,Escherichia coli,
ecoli,PZ386972,Escherichia phage Mpec24,Escherichia coli,107902,collar tail protein for L-shaped tail fiber attachment,140,Escherichia coli,
ecoli,PZ386972,Escherichia phage Mpec24,Escherichia coli,107902,tail fiber protein,1215,Escherichia coli,
ecoli,PZ386972,Escherichia phage Mpec24,Escherichia coli,107902,receptor binding tail protein,586,Escherichia coli,
ecoli,PZ386971,Escherichia phage Mpec20,Escherichia coli,154392,tail spike protein,1027,Escherichia coli,
ecoli,PZ386971,Escherichia phage Mpec20,Escherichia coli,154392,tail fiber protein,638,Escherichia coli,
ecoli,PZ386970,Escherichia phage Mpec2,Escherichia coli,168607,tail fiber protein,98,Escherichia coli,
ecoli,PZ386970,Escherichia phage Mpec2,Escherichia coli,168607,long tail fiber protein distal subunit,1048,Escherichia coli,
ecoli,PZ386969,Escherichia phage Mpec18,Escherichia coli,151683,tail fiber protein,1612,Escherichia coli,
ecoli,PZ386969,Escherichia phage Mpec18,Escherichia coli,151683,tail spike protein,638,Escherichia coli,
ecoli,PZ386968,Escherichia phage Mpec16,Escherichia coli,153568,tail spike protein,1027,Escherichia coli,
ecoli,PZ386968,Escherichia phage Mpec16,Escherichia coli,153568,tail fiber protein,1612,Escherichia coli,
ecoli,PZ386967,Escherichia phage Mpec15,Escherichia coli,153567,tail spike protein,1027,Escherichia coli,
ecoli,PZ386967,Escherichia phage Mpec15,Escherichia coli,153567,tail fiber protein,1612,Escherichia coli,
ecoli,PZ386966,Escherichia phage Mpec13,Escherichia coli,87141,tail fiber protein,388,Escherichia coli,
ecoli,PZ386965,Escherichia phage Mpec11,Escherichia coli,170388,tail fiber protein,98,Escherichia coli,
ecoli,PZ386965,Escherichia phage Mpec11,Escherichia coli,170388,long tail fiber protein distal subunit,1097,Escherichia coli,
ecoli,PZ386964,Escherichia phage Mpec10,Escherichia coli,68210,tail fiber protein,760,Escherichia coli,
ecoli,PZ386963,Escherichia phage Mpec1,Escherichia coli,87256,tail fiber protein,388,Escherichia coli,
ecoli,PZ386961,Escherichia phage Mnm7,Escherichia coli,88738,tail fiber protein,789,Escherichia coli,
ecoli,PZ386960,Escherichia phage Mnm6,Escherichia coli,39643,tail fiber protein,590,Escherichia coli,
ecoli,PZ386959,Escherichia phage Mnm5,Escherichia coli,87713,tail fiber protein,395,Escherichia coli,
ecoli,PZ386958,Escherichia phage Mnm4,Escherichia coli,88219,tail fiber protein,391,Escherichia coli,
ecoli,PZ386957,Escherichia phage Mnm3,Escherichia coli,173420,tail fiber protein,571,Escherichia coli,
ecoli,PZ386957,Escherichia phage Mnm3,Escherichia coli,173420,long tail fiber protein distal subunit,918,Escherichia coli,
ecoli,PZ386956,Escherichia phage Mnm2,Escherichia coli,53024,tail fiber protein,207,Escherichia coli,
ecoli,PZ386955,Escherichia phage Mnm11,Escherichia coli,147366,tail fiber protein,236,Escherichia coli,
ecoli,PZ386955,Escherichia phage Mnm11,Escherichia coli,147366,tail spike protein,532,Escherichia coli,
ecoli,PZ386953,Escherichia phage Mnm1,Escherichia coli,135783,tail fiber protein,303,Escherichia coli,
ecoli,PZ386953,Escherichia phage Mnm1,Escherichia coli,135783,central tail fiber J,1279,Escherichia coli,
ecoli,PZ386952,Escherichia phage HSDP3,Escherichia coli,61166,central tail fiber J,883,Escherichia coli,
ecoli,PZ386952,Escherichia phage HSDP3,Escherichia coli,61166,tail fiber protein,1138,Escherichia coli,
ecoli,PZ386951,Escherichia phage HSDP2,Escherichia coli,164876,tail fiber protein,102,Escherichia coli,
ecoli,PZ386951,Escherichia phage HSDP2,Escherichia coli,164876,long tail fiber protein distal subunit,1012,Escherichia coli,
ecoli,PZ386949,Escherichia phage CM8m4,Escherichia coli,166303,tail fiber protein,102,Escherichia coli,
ecoli,PZ386949,Escherichia phage CM8m4,Escherichia coli,166303,long tail fiber protein distal subunit,981,Escherichia coli,
ecoli,PZ386948,Escherichia phage CM8m3,Escherichia coli,166306,tail fiber protein,102,Escherichia coli,
ecoli,PZ386948,Escherichia phage CM8m3,Escherichia coli,166306,long tail fiber protein distal subunit,981,Escherichia coli,
ecoli,PZ386947,Escherichia phage CM8m1,Escherichia coli,166270,tail fiber protein,102,Escherichia coli,
ecoli,PZ386947,Escherichia phage CM8m1,Escherichia coli,166270,long tail fiber protein distal subunit,981,Escherichia coli,
ecoli,PZ386946,Escherichia phage Borec,Escherichia coli,44504,central tail fiber J,1118,Escherichia coli,
ecoli,PZ386946,Escherichia phage Borec,Escherichia coli,44504,tail fiber protein,865,Escherichia coli,
ecoli,PZ917099,Escherichia phage Apar18,Escherichia coli,172019,tail fiber protein,473,Escherichia coli,
ecoli,PZ917099,Escherichia phage Apar18,Escherichia coli,172019,long tail fiber protein,1322,Escherichia coli,
ecoli,PZ917099,Escherichia phage Apar18,Escherichia coli,172019,straight (short) tail fiber protein,508,Escherichia coli,
ecoli,PZ786312,Escherichia phage SF-E12,Escherichia coli ATCC 35150,167830,tail fiber host specificity protein,257,Escherichia coli,ATCC 35150
ecoli,OR896823,Escherichia phage NorthRox,Escherichia coli,51138,tail fiber protein,869,Escherichia coli,
ecoli,OR896820,Escherichia phage Stokescottia,Escherichia coli,109873,central tail fiber J,949,Escherichia coli,
ecoli,OR896820,Escherichia phage Stokescottia,Escherichia coli,109873,collar tail protein for L-shaped tail fiber attachment,140,Escherichia coli,
ecoli,OR896820,Escherichia phage Stokescottia,Escherichia coli,109873,tail fiber protein,576,Escherichia coli,
ecoli,OR896820,Escherichia phage Stokescottia,Escherichia coli,109873,receptor binding tail protein,585,Escherichia coli,
ecoli,OZ556245,Escherichia phage EPIMAM01,Public paired-end whole-genome sequencing library ERR17625254,166557,long tail fiber protein distal subunit,994,,
ecoli,OZ556245,Escherichia phage EPIMAM01,Public paired-end whole-genome sequencing library ERR17625254,166557,host-specificity tail fiber protein,260,,
ecoli,PZ797503,Escherichia phage vB_EscC_ArakU1,Escherichia coli,60473,tail fiber protein,300,Escherichia coli,
ecoli,PZ797503,Escherichia phage vB_EscC_ArakU1,Escherichia coli,60473,tail spike protein,448,Escherichia coli,
ecoli,PZ738962,Escherichia phage ECBR4,Escherichia coli,164053,tail fiber protein,496,Escherichia coli,
ecoli,PZ738962,Escherichia phage ECBR4,Escherichia coli,164053,long tail fiber protein distal subunit,980,Escherichia coli,
ecoli,PZ738962,Escherichia phage ECBR4,Escherichia coli,164053,tail fiber host specificity protein,261,Escherichia coli,
ecoli,PZ782780,Escherichia phage ECBR3,Escherichia coli ATCC 25922,149021,tail fiber protein,641,Escherichia coli,ATCC 25922
ecoli,PZ782780,Escherichia phage ECBR3,Escherichia coli ATCC 25922,149021,tail spike protein,102,Escherichia coli,ATCC 25922
ecoli,PX132334,Escherichia phage Swabian,Escherichia coli,51476,tail fiber protein,832,Escherichia coli,
ecoli,PZ793367,Escherichia phage EcEW12,Escherichia coli,62283,tail fiber protein,482,Escherichia coli,
ecoli,PZ787841,Escherichia phage EcEW5,Escherichia coli,47035,central tail fiber J,251,Escherichia coli,
ecoli,PZ871100,Escherichia phage bloody2,Escherichia coli,50975,tail fiber protein,561,Escherichia coli,
ecoli,PZ871099,Escherichia phage bloody1,Escherichia coli,51075,tail fiber protein,872,Escherichia coli,
ecoli,PZ871097,Escherichia phage Ya3.1,Escherichia coli,49432,tail fiber protein,712,Escherichia coli,
ecoli,PZ871096,Escherichia phage Ya1,Escherichia coli,50355,tail fiber protein,712,Escherichia coli,
ecoli,PZ871095,Escherichia phage Ya3.2,Escherichia coli,44927,tail fiber protein,584,Escherichia coli,
ecoli,PZ878405,Escherichia phage BBd,Escherichia coli,44927,tail fiber protein,584,Escherichia coli,
ecoli,PZ869731,Escherichia phage D108_cts10,Escherichia coli HER1252,167357,tail fiber protein,260,Escherichia coli,HER1252
ecoli,PZ869731,Escherichia phage D108_cts10,Escherichia coli HER1252,167357,long tail fiber protein distal subunit,1170,Escherichia coli,HER1252
ecoli,PX904586,Escherichia phage vB_EOP_Se009,Escherichia coli,68010,tail fiber protein,155,Escherichia coli,
ecoli,PZ835552,Escherichia phage EC_R3,Escherichia coli BW25113,169957,tail fiber host specificity protein,259,Escherichia coli,BW25113
ecoli,PZ835552,Escherichia phage EC_R3,Escherichia coli BW25113,169957,long tail fiber protein distal subunit,988,Escherichia coli,BW25113
ecoli,PZ835552,Escherichia phage EC_R3,Escherichia coli BW25113,169957,tail fiber protein,102,Escherichia coli,BW25113
ecoli,PZ725262,Escherichia phage BP1,Escherichia coli K-12,43470,tail fiber protein,825,Escherichia coli,K-12
ecoli,PZ754749,Escherichia phage SF-E9,Escherichia coli ATCC 35150,171093,short tail fibers protein,527,Escherichia coli,ATCC 35150
ecoli,PZ754749,Escherichia phage SF-E9,Escherichia coli ATCC 35150,171093,tail fiber,1038,Escherichia coli,ATCC 35150
ecoli,PZ754632,Escherichia phage LQZ,Escherichia coli,86973,tail fiber protein,382,Escherichia coli,
ecoli,PZ754631,Escherichia phage LXL2,Escherichia coli,51438,tail fiber protein,656,Escherichia coli,
ecoli,PZ402305,Escherichia phage ecopha76,Escherichia coli PGG016,150452,tail fiber protein,233,Escherichia coli,PGG016
ecoli,PZ402305,Escherichia phage ecopha76,Escherichia coli PGG016,150452,tail spike protein,688,Escherichia coli,PGG016
ecoli,PZ402304,Escherichia phage ecopha54,Escherichia coli PGG016,169721,long tail fiber protein distal subunit,1104,Escherichia coli,PGG016
ecoli,PZ402304,Escherichia phage ecopha54,Escherichia coli PGG016,169721,tail fiber protein,257,Escherichia coli,PGG016
ecoli,PZ402303,Escherichia phage ecopha46,Escherichia coli PGG013,39329,tail fiber protein,642,Escherichia coli,PGG013
ecoli,PZ402302,Escherichia phage ecopha45,Escherichia coli PGG013,39751,tail fiber protein,674,Escherichia coli,PGG013
ecoli,PZ402301,Escherichia phage ecopha36,Escherichia coli PGG027,167682,long tail fiber protein distal subunit,1103,Escherichia coli,PGG027
ecoli,PZ402301,Escherichia phage ecopha36,Escherichia coli PGG027,167682,tail fiber protein,258,Escherichia coli,PGG027
ecoli,PZ402300,Escherichia phage ecopha24,Escherichia coli PGG022,72378,tail spike protein,483,Escherichia coli,PGG022
ecoli,PX985132,Escherichia phage Pal013,Palo Alto wastewater,83447,tail fiber protein,780,,
klebsiella,PX670413,Klebsiella phage RSU-phaWit,Klebsiella pneumoniae,44098,tail fiber protein,307,Klebsiella pneumoniae,
klebsiella,PX670412,Klebsiella phage RSU-phaR4,Klebsiella pneumoniae,178625,long tail fiber protein distal subunit,723,Klebsiella pneumoniae,
klebsiella,PX670412,Klebsiella phage RSU-phaR4,Klebsiella pneumoniae,178625,tail fiber adhesin,172,Klebsiella pneumoniae,
klebsiella,PX670411,Klebsiella phage RSU-phaL3-2,Klebsiella pneumoniae,44164,tail fiber protein,651,Klebsiella pneumoniae,
klebsiella,PX670409,Klebsiella phage RSU-phaK5,Klebsiella michiganensis,48080,tail fiber protein,687,Klebsiella michiganensis,
klebsiella,PX670408,Klebsiella phage RSU-phaG4,Klebsiella pneumoniae,41219,tail fiber protein,1017,Klebsiella pneumoniae,
klebsiella,PX670407,Klebsiella phage RSU-F9L,Klebsiella pneumoniae,39468,tail fiber protein,921,Klebsiella pneumoniae,
klebsiella,PX670406,Klebsiella phage RSU-F8R5,Klebsiella pneumoniae,50480,tail fiber protein,845,Klebsiella pneumoniae,
klebsiella,PX670405,Klebsiella phage RSU-F7K6,Klebsiella pneumoniae,44279,tail fiber protein,651,Klebsiella pneumoniae,
klebsiella,PX670404,Klebsiella phage RSU-F6R3,Klebsiella pneumoniae,48305,tail fiber protein,414,Klebsiella pneumoniae,
klebsiella,PX670403,Klebsiella phage RSU-F6R1,Klebsiella pneumoniae,44029,tail fiber protein,652,Klebsiella pneumoniae,
klebsiella,PX670402,Klebsiella phage RSU-F6L1,Klebsiella pneumoniae,48794,tail fiber protein,827,Klebsiella pneumoniae,
klebsiella,PX670401,Klebsiella phage RSU-F6K4,Klebsiella pneumoniae,44444,tail fiber protein,825,Klebsiella pneumoniae,
klebsiella,PX670400,Klebsiella phage RSU-F5L3,Klebsiella pneumoniae,44147,tail fiber protein,651,Klebsiella pneumoniae,
klebsiella,PX670399,Klebsiella phage RSU-F4L,Klebsiella pneumoniae,43073,tail fiber protein,748,Klebsiella pneumoniae,
klebsiella,PX670397,Klebsiella phage RSU-F4K4-1,Klebsiella oxytoca species complex,44307,tail fiber protein,825,Klebsiella oxytoca,species complex
klebsiella,PX670396,Klebsiella phage RSU-F4K3,Klebsiella pneumoniae,45805,tail fiber protein,648,Klebsiella pneumoniae,
klebsiella,PX670392,Klebsiella phage RSU-F1K2,Klebsiella pneumoniae,43675,tail fiber protein,1243,Klebsiella pneumoniae,
klebsiella,PX670391,Klebsiella phage RSU-F1K1,Klebsiella pneumoniae,43673,tail fiber protein,1243,Klebsiella pneumoniae,
klebsiella,PX670390,Klebsiella phage RSU-F10L,Klebsiella pneumoniae,40697,tail fiber protein,921,Klebsiella pneumoniae,
klebsiella,PX670388,Klebsiella phage RSU-219-1F10,Klebsiella pneumoniae,47503,tail fiber protein,827,Klebsiella pneumoniae,
klebsiella,PX694429,Klebsiella phage vB_Kpn9997-EKp2,Klebsiella sp. ATCC 9997,39371,tail fiber protein,404,,
klebsiella,PX694428,Klebsiella phage vB_Kpn582610-EKp146,Klebsiella sp. MRSN 582610,40894,tail fiber protein,903,,
klebsiella,PX694428,Klebsiella phage vB_Kpn582610-EKp146,Klebsiella sp. MRSN 582610,40894,tail spike protein,528,,
klebsiella,PX694427,Klebsiella phage vB_Kpn546043-EKp39,Klebsiella sp. MRSN 546043,40428,tail fiber protein,778,,
klebsiella,PX694425,Klebsiella phage vB_Kpn533757-EKp119,Klebsiella sp. MRSN 533757,40428,tail fiber protein,511,,
klebsiella,PX694424,Klebsiella phage vB_Kpn517281-EKp181,Klebsiella sp. MRSN 517281,40546,tail fiber protein,1017,,
klebsiella,PX694423,Klebsiella phage vB_Kpn508238-EKp110,Klebsiella sp. MRSN 508238,40273,tail fiber protein,921,,
klebsiella,PX694421,Klebsiella phage vB_Kpn419800-EKp24,Klebsiella sp. MRSN 419800,41484,tail fiber protein,903,,
klebsiella,PX694420,Klebsiella phage vB_Kpn27617-EKp55,Klebsiella sp. MRSN 27617,40927,tail fiber protein,777,,
klebsiella,PX694420,Klebsiella phage vB_Kpn27617-EKp55,Klebsiella sp. MRSN 27617,40927,tail spike protein,576,,
klebsiella,PX694419,Klebsiella phage vB_Kpn18776-EKp44,Klebsiella sp. MRSN 18776,41853,tail fiber protein,557,,
klebsiella,PX694414,Klebsiella phage vB_Kpn106667-EKp167,Klebsiella sp. MRSN 106667,40438,tail fiber protein,777,,
klebsiella,PX694412,Klebsiella phage vB_Kpn101683-EKp160,Klebsiella sp. MRSN 101683,40116,tail spike protein,520,,
klebsiella,PX651778,Klebsiella phage PKP-2,Klebsiella pneumoniae,46909,tail fiber protein/lysozyme,483,Klebsiella pneumoniae,
klebsiella,PX651778,Klebsiella phage PKP-2,Klebsiella pneumoniae,46909,tail fiber protein,216,Klebsiella pneumoniae,
klebsiella,NC_103859,Klebsiella phage ABTNL-2,Klebsiella pneumoniae,49159,tail fiber protein,1276,Klebsiella pneumoniae,
klebsiella,PX943720,Klebsiella phage RAN69,Klebsiella pneumoniae,43585,tail spike protein,577,Klebsiella pneumoniae,
klebsiella,PX943720,Klebsiella phage RAN69,Klebsiella pneumoniae,43585,tail fiber protein,307,Klebsiella pneumoniae,
klebsiella,PX206436,Klebsiella phage vB_KpnS_CHNYNDL1,Klebsiella pneumoniae ATCC 700603,165941,L-shaped tail fiber protein,1393,Klebsiella pneumoniae,ATCC 700603
klebsiella,PX206436,Klebsiella phage vB_KpnS_CHNYNDL1,Klebsiella pneumoniae ATCC 700603,165941,tail fibers protein,230,Klebsiella pneumoniae,ATCC 700603
klebsiella,PX206436,Klebsiella phage vB_KpnS_CHNYNDL1,Klebsiella pneumoniae ATCC 700603,165941,tail fiber protein,378,Klebsiella pneumoniae,ATCC 700603
klebsiella,PX915675,Klebsiella phage phi1_146014,Klebsiella pneumoniae,40900,tail fiber protein,1017,Klebsiella pneumoniae,
klebsiella,PX915674,Klebsiella phage phi1_146016,Klebsiella pneumoniae,40362,tail fiber protein,1017,Klebsiella pneumoniae,
klebsiella,PX915673,Klebsiella phage phi1_146012,Klebsiella pneumoniae,178268,long tail fiber protein distal subunit,721,Klebsiella pneumoniae,
klebsiella,PX915673,Klebsiella phage phi1_146012,Klebsiella pneumoniae,178268,tail fiber adhesin,172,Klebsiella pneumoniae,
klebsiella,PX915672,Klebsiella phage phi1_146011,Klebsiella pneumoniae,46989,tail fiber protein,971,Klebsiella pneumoniae,
klebsiella,PX915625,Klebsiella phage KP7P9,Klebsiella pneumoniae KP7,168549,L-shaped tail fiber protein,1509,Klebsiella pneumoniae,KP7
klebsiella,PX915625,Klebsiella phage KP7P9,Klebsiella pneumoniae KP7,168549,tail fiber adhesin,175,Klebsiella pneumoniae,KP7
klebsiella,PX872124,Klebsiella phage KP5P3,Klebsiella pneumoniae KP5,170472,tail fibers protein,107,Klebsiella pneumoniae,KP5
klebsiella,PX872124,Klebsiella phage KP5P3,Klebsiella pneumoniae KP5,170472,long tail fiber distal subunit,1383,Klebsiella pneumoniae,KP5
klebsiella,PX872123,Klebsiella phage KP5P1,Klebsiella pneumoniae KP5,169692,tail fibers protein,107,Klebsiella pneumoniae,KP5
klebsiella,PX872123,Klebsiella phage KP5P1,Klebsiella pneumoniae KP5,169692,tail fiber protein,1383,Klebsiella pneumoniae,KP5
klebsiella,PX866606,Klebsiella phage Crius,Klebsiella aerogenes NCDC 819-56,52194,tail fiber protein,1157,Klebsiella aerogenes,NCDC 819-56
klebsiella,PX904473,Klebsiella phage vB_KpnS_MUC343,Klebsiella pneumoniae MUC343,50200,tail fiber protein,733,Klebsiella pneumoniae,MUC343
klebsiella,PX904473,Klebsiella phage vB_KpnS_MUC343,Klebsiella pneumoniae MUC343,50200,tail fiber tip protein,1148,Klebsiella pneumoniae,MUC343
klebsiella,PX904472,Klebsiella phage vB_KpnM_MUC347,Klebsiella pneumoniae MUC347,296408,tail fiber protein,743,Klebsiella pneumoniae,MUC347
klebsiella,PX904472,Klebsiella phage vB_KpnM_MUC347,Klebsiella pneumoniae MUC347,296408,virion-associated protein/tail fiber,451,Klebsiella pneumoniae,MUC347
klebsiella,PX904472,Klebsiella phage vB_KpnM_MUC347,Klebsiella pneumoniae MUC347,296408,tailspike protein,1268,Klebsiella pneumoniae,MUC347
klebsiella,PX904472,Klebsiella phage vB_KpnM_MUC347,Klebsiella pneumoniae MUC347,296408,tail spike protein,698,Klebsiella pneumoniae,MUC347
klebsiella,PX906587,Klebsiella phage KP47,Klebsiella quasipneumoniae subsp. quasipneumoniae KH1,47396,tail fiber protein,405,,
klebsiella,PQ400079,Klebsiella phage Nika,Klebsiella pneumoniae K14,40165,tail spike protein,921,Klebsiella pneumoniae,K14
klebsiella,PQ400078,Klebsiella phage Pie,Klebsiella pneumoniae K14,40308,non-contractile tail fiber protein,667,Klebsiella pneumoniae,K14
klebsiella,PQ400077,Klebsiella phage Kiwi,Klebsiella pneumoniae K14,44094,tailspike protein,676,Klebsiella pneumoniae,K14
klebsiella,PX880622,Klebsiella phage CP-p-KP-25289,Klebsiella pneumoniae,49060,tail fiber protein,961,Klebsiella pneumoniae,
klebsiella,PX733326,Klebsiella phage CP-p-KP-21008,Klebsiella pneumoniae,43711,tail fiber protein,318,Klebsiella pneumoniae,
klebsiella,PX842722,Klebsiella phage Henu-K20018,Klebsiella pneumoniae Kp408,40599,tail fiber protein,777,Klebsiella pneumoniae,Kp408
klebsiella,PX641096,Klebsiella phage vB_kpnP_ZB27,Klebsiella pneumoniae Kp202,50486,tail fiber protein,1232,Klebsiella pneumoniae,Kp202
klebsiella,PQ305823,Klebsiella phage KPW17,Klebsiella pneumoniae ATCC 10031,50416,tail fiber protein,860,Klebsiella pneumoniae,ATCC 10031
klebsiella,PX725530,Klebsiella phage SW04,Klebsiella pneumoniae ATCC BAA-2146,50837,tail fiber protein,1256,Klebsiella pneumoniae,ATCC BAA-2146
klebsiella,PX693206,Klebsiella phage XDRKpn-3,Klebsiella pneumoniae (clinical isolate),50029,tail fiber protein,216,Klebsiella pneumoniae,(clinical isolate)
klebsiella,PX693206,Klebsiella phage XDRKpn-3,Klebsiella pneumoniae (clinical isolate),50029,tail spike,741,Klebsiella pneumoniae,(clinical isolate)
klebsiella,PQ621133,Klebsiella phage Beam,Klebsiella pneumoniae KP125,170432,L-shaped tail fiber protein,1380,Klebsiella pneumoniae,KP125
klebsiella,PQ621133,Klebsiella phage Beam,Klebsiella pneumoniae KP125,170432,tail fibers protein,225,Klebsiella pneumoniae,KP125
klebsiella,PQ621133,Klebsiella phage Beam,Klebsiella pneumoniae KP125,170432,tail fiber protein,107,Klebsiella pneumoniae,KP125
klebsiella,PQ621133,Klebsiella phage Beam,Klebsiella pneumoniae KP125,170432,straight tail fiber,451,Klebsiella pneumoniae,KP125
klebsiella,PQ621132,Klebsiella phage Rec,Klebsiella pneumoniae KP125,167933,L-shaped tail fiber protein,1391,Klebsiella pneumoniae,KP125
klebsiella,PQ621132,Klebsiella phage Rec,Klebsiella pneumoniae KP125,167933,tail fibers protein,216,Klebsiella pneumoniae,KP125
klebsiella,PQ621132,Klebsiella phage Rec,Klebsiella pneumoniae KP125,167933,tail fiber protein,378,Klebsiella pneumoniae,KP125
klebsiella,PQ621132,Klebsiella phage Rec,Klebsiella pneumoniae KP125,167933,straight tail fiber,448,Klebsiella pneumoniae,KP125
klebsiella,PQ621131,Klebsiella phage QTY,Klebsiella pneumoniae KP125,167428,tail fiber protein,378,Klebsiella pneumoniae,KP125
klebsiella,PQ621131,Klebsiella phage QTY,Klebsiella pneumoniae KP125,167428,tail fibers protein,225,Klebsiella pneumoniae,KP125
klebsiella,PQ621131,Klebsiella phage QTY,Klebsiella pneumoniae KP125,167428,L-shaped tail fiber protein,1428,Klebsiella pneumoniae,KP125
klebsiella,PQ621131,Klebsiella phage QTY,Klebsiella pneumoniae KP125,167428,straight tail fiber,448,Klebsiella pneumoniae,KP125
klebsiella,PQ621130,Klebsiella phage LK3,Klebsiella pneumoniae KP125,49048,tail fiber protein,1276,Klebsiella pneumoniae,KP125
klebsiella,PQ621124,Klebsiella phage KL35,Klebsiella pneumoniae KP125,165835,L-shaped tail fiber protein,1474,Klebsiella pneumoniae,KP125
klebsiella,PQ621124,Klebsiella phage KL35,Klebsiella pneumoniae KP125,165835,tail fibers protein,225,Klebsiella pneumoniae,KP125
klebsiella,PQ621124,Klebsiella phage KL35,Klebsiella pneumoniae KP125,165835,tail fiber protein,378,Klebsiella pneumoniae,KP125
klebsiella,PQ621124,Klebsiella phage KL35,Klebsiella pneumoniae KP125,165835,straight tail fiber,448,Klebsiella pneumoniae,KP125
klebsiella,PQ621123,Klebsiella phage ACE,Klebsiella pneumoniae KP125,175589,L-shaped tail fiber protein,1235,Klebsiella pneumoniae,KP125
klebsiella,PQ621123,Klebsiella phage ACE,Klebsiella pneumoniae KP125,175589,tail fibers protein,461,Klebsiella pneumoniae,KP125
klebsiella,PQ621122,Klebsiella phage APV,Klebsiella pneumoniae KP125,176400,tail fibers protein,461,Klebsiella pneumoniae,KP125
klebsiella,PQ621122,Klebsiella phage APV,Klebsiella pneumoniae KP125,176400,L-shaped tail fiber protein,1321,Klebsiella pneumoniae,KP125
klebsiella,PQ621121,Klebsiella phage Turmeric,Klebsiella pneumoniae KP125,165747,straight tail fiber,448,Klebsiella pneumoniae,KP125
klebsiella,PQ621121,Klebsiella phage Turmeric,Klebsiella pneumoniae KP125,165747,tail fiber protein,1459,Klebsiella pneumoniae,KP125
klebsiella,PQ621121,Klebsiella phage Turmeric,Klebsiella pneumoniae KP125,165747,tail fibers protein,220,Klebsiella pneumoniae,KP125
klebsiella,PQ529758,Klebsiella phage LK1,Klebsiella pneumoniae KP125,177771,tail fibers protein,461,Klebsiella pneumoniae,KP125
klebsiella,PQ529758,Klebsiella phage LK1,Klebsiella pneumoniae KP125,177771,L-shaped tail fiber protein,1243,Klebsiella pneumoniae,KP125
klebsiella,PP874908,Klebsiella phage B_KpuU_PhiKuK6,Klebsiella quasipneumoniae 700603,51251,tail fiber protein,646,,
klebsiella,PX550018,Klebsiella phage EB-Kpn129,"Klebsiella pneumoniae (clinical isolate, antibiotic-sensitive)",167340,tail fiber adhesin,175,Klebsiella pneumoniae,"(clinical isolate, antibiotic-sensitive)"
klebsiella,PX550018,Klebsiella phage EB-Kpn129,"Klebsiella pneumoniae (clinical isolate, antibiotic-sensitive)",167340,tail fiber protein,1517,Klebsiella pneumoniae,"(clinical isolate, antibiotic-sensitive)"
klebsiella,PV933830,Klebsiella phage BEV19,Klebsiella pneumoniae,47750,tail fiber protein,147,Klebsiella pneumoniae,
klebsiella,PV933830,Klebsiella phage BEV19,Klebsiella pneumoniae,47750,tail spike protein,831,Klebsiella pneumoniae,
klebsiella,PV933828,Klebsiella phage BIV-G10,Klebsiella pneumoniae,45459,putative tail fiber protein,832,Klebsiella pneumoniae,
klebsiella,AB716667,Klebsiella phage A4528-K2-1,,43365,putative tail fiber protein,307,,
klebsiella,PX666696,Klebsiella phage KP_NC20,Klebsiella pneumoniae W119,49140,tail fiber protein,907,Klebsiella pneumoniae,W119
klebsiella,PX674087,Klebsiella phage PK38,Klebsiella pneumoniae KP7,43481,non-contractile tail fiber protein,798,Klebsiella pneumoniae,KP7
klebsiella,PX120903,Klebsiella phage CP-p-KP-21067,Klebsiella pneumoniae,38762,tail fiber protein,542,Klebsiella pneumoniae,
klebsiella,NC_105760,Klebsiella phage P-K7R,,52111,tail fiber protein,1425,,
klebsiella,PX411091,Klebsiella phage MAB5,Klebsiella pneumoniae,48547,tail fiber protein,992,Klebsiella pneumoniae,
klebsiella,PX411090,Klebsiella phage MAB2,Klebsiella pneumoniae,45829,tail fiber protein,669,Klebsiella pneumoniae,
klebsiella,PX630711,Klebsiella phage Artin,Klebsiella pneumoniae (clinical samples),46603,non-contractile tail fiber protein,843,Klebsiella pneumoniae,(clinical samples)
klebsiella,PX577203,Klebsiella phage vB_Kpn_18-1,Klebsiella pneumoniae,41326,tail spike protein,576,Klebsiella pneumoniae,
klebsiella,PX275746,Klebsiella phage vB_KaeP_KM6,Klebsiella aerogenes KM3,37829,long tail fiber protein,363,Klebsiella aerogenes,KM3
klebsiella,PX246282,Klebsiella phage vB_KaeP_KM5,Klebsiella aerogenes KM3,37829,long tail fiber protein,217,Klebsiella aerogenes,KM3
klebsiella,PX246281,Klebsiella phage vB_KpnM_KM4,Klebsiella pneumoniae KM1,174198,side tail fiber protein,388,Klebsiella pneumoniae,KM1
klebsiella,PX246281,Klebsiella phage vB_KpnM_KM4,Klebsiella pneumoniae KM1,174198,short tail fiber protein,461,Klebsiella pneumoniae,KM1
klebsiella,PX246281,Klebsiella phage vB_KpnM_KM4,Klebsiella pneumoniae KM1,174198,long-tail fiber protein,374,Klebsiella pneumoniae,KM1
klebsiella,PX246280,Klebsiella phage vB_KpnM_KM1,Klebsiella pneumoniae KM1,175050,long-tail fiber protein,374,Klebsiella pneumoniae,KM1
klebsiella,PX246280,Klebsiella phage vB_KpnM_KM1,Klebsiella pneumoniae KM1,175050,side tail fiber protein,1237,Klebsiella pneumoniae,KM1
klebsiella,PX246280,Klebsiella phage vB_KpnM_KM1,Klebsiella pneumoniae KM1,175050,short tail fiber protein,461,Klebsiella pneumoniae,KM1
klebsiella,PX557717,Klebsiella phage KpS7,Klebsiella pneumoniae,167663,tail fiber,448,Klebsiella pneumoniae,
klebsiella,PX557717,Klebsiella phage KpS7,Klebsiella pneumoniae,167663,tail fiber protein,378,Klebsiella pneumoniae,
klebsiella,PX557717,Klebsiella phage KpS7,Klebsiella pneumoniae,167663,L-shaped tail fiber protein,1476,Klebsiella pneumoniae,
klebsiella,PX557717,Klebsiella phage KpS7,Klebsiella pneumoniae,167663,tail fiber adhesin,179,Klebsiella pneumoniae,
klebsiella,PP566237,Klebsiella phage vB_XU-P1,Klebsiella sp.,43917,tail fiber protein,611,,
klebsiella,PP566237,Klebsiella phage vB_XU-P1,Klebsiella sp.,43917,tail fibers protein,790,,
klebsiella,PX283063,Klebsiella phage KPP-X1,Klebsiella pneumoniae ATCC 700603,146898,tail fiber protein,682,Klebsiella pneumoniae,ATCC 700603
klebsiella,PX283063,Klebsiella phage KPP-X1,Klebsiella pneumoniae ATCC 700603,146898,L-shaped tail fiber protein,278,Klebsiella pneumoniae,ATCC 700603
klebsiella,PX446291,Klebsiella phage Junood_PK1,Klebsiella pneumoniae,175100,short tail fiber protein,461,Klebsiella pneumoniae,
klebsiella,PX446291,Klebsiella phage Junood_PK1,Klebsiella pneumoniae,175100,long-tail fiber protein,374,Klebsiella pneumoniae,
klebsiella,PV287707,Klebsiella phage UHKP,Klebsiella pneumoniae,62542,putative tail fiber protein,121,Klebsiella pneumoniae,
klebsiella,PQ329252,Klebsiella phage vB_XU-P2,Klebsiella sp.,43917,tail fiber protein,611,,
klebsiella,PQ329252,Klebsiella phage vB_XU-P2,Klebsiella sp.,43917,tail fibers protein,790,,
klebsiella,PX093639,Klebsiella phage Skif1059,Klebsiella pneumoniae,74854,tail spike protein,877,Klebsiella pneumoniae,
klebsiella,PV987926,Klebsiella phage JAB13,Klebsiella pneumoniae G3-5,158306,tailspike protein,997,Klebsiella pneumoniae,G3-5
klebsiella,PV987926,Klebsiella phage JAB13,Klebsiella pneumoniae G3-5,158306,tail fiber protein,831,Klebsiella pneumoniae,G3-5
klebsiella,PQ434564,Klebsiella phage P8451,Klebsiella pneumoniae H8451,40602,tail fibers protein,744,Klebsiella pneumoniae,H8451
klebsiella,PP739164,Klebsiella phage P39,Klebsiella pneumoniae Kp214,41806,tail fiber protein,771,Klebsiella pneumoniae,Kp214
klebsiella,PV784032,Klebsiella phage Kp10Bj_LN54_14,Klebsiella sp.,167615,tail fiber protein,1468,,
klebsiella,PV784032,Klebsiella phage Kp10Bj_LN54_14,Klebsiella sp.,167615,tail fiber adhesin,175,,
klebsiella,PV784031,Klebsiella phage Kp2Bj_LN294_M23,Klebsiella sp.,170567,tail fiber adhesin,175,,
klebsiella,PV784031,Klebsiella phage Kp2Bj_LN294_M23,Klebsiella sp.,170567,tail fiber protein,1504,,
klebsiella,PV784030,Klebsiella phage Kp1Bj_HH11_M23,Klebsiella sp.,170568,tail fiber protein,1504,,
klebsiella,PV784030,Klebsiella phage Kp1Bj_HH11_M23,Klebsiella sp.,170568,tail fiber adhesin,175,,
klebsiella,PP993148,Klebsiella phage vB_KleM_kp20,Klebsiella michiganensis,174032,tail fiber protein,1269,Klebsiella michiganensis,
klebsiella,PP993148,Klebsiella phage vB_KleM_kp20,Klebsiella michiganensis,174032,tail fiber adhesin,175,Klebsiella michiganensis,
klebsiella,PX241558,Klebsiella phage ZBNAB01,Klebsiella pneumoniae,49936,tail fiber protein,894,Klebsiella pneumoniae,
klebsiella,PV357749,Klebsiella phage KP1402,Klebsiella pneumoniae,44117,tail fiber protein,530,Klebsiella pneumoniae,
klebsiella,PV357749,Klebsiella phage KP1402,Klebsiella pneumoniae,44117,tail spike protein,571,Klebsiella pneumoniae,
klebsiella,PV357747,Klebsiella phage KP1301,Klebsiella pneumoniae,166652,tail fiber protein,1550,Klebsiella pneumoniae,
klebsiella,PV357747,Klebsiella phage KP1301,Klebsiella pneumoniae,166652,tail fiber adhesin,175,Klebsiella pneumoniae,
klebsiella,PV357746,Klebsiella phage KP1203,Klebsiella pneumoniae,346508,tail fiber protein,1037,Klebsiella pneumoniae,
klebsiella,PV357745,Klebsiella phage KP1202,Klebsiella pneumoniae,167360,tail fiber adhesin,179,Klebsiella pneumoniae,
klebsiella,PV357745,Klebsiella phage KP1202,Klebsiella pneumoniae,167360,tail fiber protein,1478,Klebsiella pneumoniae,
klebsiella,PV357744,Klebsiella phage KP0405,Klebsiella pneumoniae,351880,tail fiber protein,708,Klebsiella pneumoniae,
klebsiella,PV357744,Klebsiella phage KP0405,Klebsiella pneumoniae,351880,tail spike protein,124,Klebsiella pneumoniae,
klebsiella,PV702342,Klebsiella phage PKP_K9,Klebsiella pneumoniae,112679,tail fiber protein,680,Klebsiella pneumoniae,
klebsiella,PV702342,Klebsiella phage PKP_K9,Klebsiella pneumoniae,112679,collar tail protein for L-shaped tail fiber attachment,139,Klebsiella pneumoniae,
klebsiella,PV702342,Klebsiella phage PKP_K9,Klebsiella pneumoniae,112679,central tail fiber J,948,Klebsiella pneumoniae,
klebsiella,PV702342,Klebsiella phage PKP_K9,Klebsiella pneumoniae,112679,receptor binding tail protein,658,Klebsiella pneumoniae,
klebsiella,PV702341,Klebsiella phage PKP_Kh11,Klebsiella pneumoniae,165732,tail fiber protein,1391,Klebsiella pneumoniae,
klebsiella,PV904160,Klebsiella phage SAKp10309,Klebsiella pneumoniae MTCC 10309,39516,tail fiber protein,188,Klebsiella pneumoniae,MTCC 10309
klebsiella,PV759140,Klebsiella phage vB_KpnLmqsRe28-2,Klebsiella pneumoniae,113176,receptor-binding protein,207,Klebsiella pneumoniae,
klebsiella,PV759140,Klebsiella phage vB_KpnLmqsRe28-2,Klebsiella pneumoniae,113176,L-shaped tail fiber protein,139,Klebsiella pneumoniae,
klebsiella,PV683293,Klebsiella phage HMGUkp5,Klebsiella sp.,155465,tail fiber protein,768,,
klebsiella,PV683293,Klebsiella phage HMGUkp5,Klebsiella sp.,155465,tail spike protein,541,,
klebsiella,PV683292,Klebsiella phage HMGUkp2,Klebsiella sp.,170329,tail fiber adhesin,175,,
klebsiella,PV683292,Klebsiella phage HMGUkp2,Klebsiella sp.,170329,tail fiber protein,1500,,
klebsiella,PV683291,Klebsiella phage HMGUkp4,Klebsiella sp.,40364,tail fiber protein,595,,
klebsiella,PV683290,Klebsiella phage HMGUkp3,Klebsiella sp.,40721,tail fiber protein,903,,
klebsiella,PV683289,Klebsiella phage HMGUkp1,Klebsiella sp.,179170,long tail fiber protein distal subunit,722,,
klebsiella,PV683289,Klebsiella phage HMGUkp1,Klebsiella sp.,179170,tail fiber adhesin,172,,
klebsiella,PV239574,Klebsiella phage ATCCa,Klebsiella pneumoniae ATCC13883,166469,tail fiber protein,378,Klebsiella pneumoniae,ATCC13883
klebsiella,PV239574,Klebsiella phage ATCCa,Klebsiella pneumoniae ATCC13883,166469,tail fibers protein,179,Klebsiella pneumoniae,ATCC13883
klebsiella,PV239574,Klebsiella phage ATCCa,Klebsiella pneumoniae ATCC13883,166469,straight tail fiber,448,Klebsiella pneumoniae,ATCC13883
klebsiella,PV872879,Klebsiella phage vB_KpnP_ZH4,Klebsiella pneumoniae ZH-KP-4,36181,putative tail fiber protein,192,Klebsiella pneumoniae,ZH-KP-4
klebsiella,PV872879,Klebsiella phage vB_KpnP_ZH4,Klebsiella pneumoniae ZH-KP-4,36181,tail fibers protein,790,Klebsiella pneumoniae,ZH-KP-4
klebsiella,PV833077,Klebsiella phage vB_KpnP_KM2,Klebsiella pneumoniae,174682,side tail fiber protein,1237,Klebsiella pneumoniae,
klebsiella,PV402690,Klebsiella phage HBM00,Klebsiella variicola AJ292 (clinical isolate),48734,tail fiber protein,405,Klebsiella variicola,AJ292 (clinical isolate)
klebsiella,PV402689,Klebsiella phage BHM14,Klebsiella variicola 04153260899A (clinical isolate),51610,tail fiber protein,892,Klebsiella variicola,04153260899A (clinical isolate)
klebsiella,PV402688,Klebsiella phage PNU90,Klebsiella variicola 04153260899A (clinical isolate),51782,tail fiber protein,892,Klebsiella variicola,04153260899A (clinical isolate)
klebsiella,PV402687,Klebsiella phage CBB98,Klebsiella pneumoniae KPC2 (clinical isolate),49696,tail fiber protein,883,Klebsiella pneumoniae,KPC2 (clinical isolate)
klebsiella,PV081217,Klebsiella phage Kpn02SCE,Klebsiella pneumoniae NCTC-13439,49460,tail fiber protein,893,Klebsiella pneumoniae,NCTC-13439
klebsiella,PV081216,Klebsiella phage Kpn01BRG,Klebsiella pneumoniae NCTC-13439,51716,tail fiber protein,877,Klebsiella pneumoniae,NCTC-13439
klebsiella,PQ338058,Klebsiella phage TPL-03,Klebsiella sp.,59598,tail fiber protein,1516,,
klebsiella,PQ338058,Klebsiella phage TPL-03,Klebsiella sp.,59598,tail fiber adhesin,175,,
klebsiella,PV963844,Klebsiella phage THQ_07,Klebsiella pneumoniae AMR-0197,169451,tail fiber adhesin,175,Klebsiella pneumoniae,AMR-0197
klebsiella,PV963844,Klebsiella phage THQ_07,Klebsiella pneumoniae AMR-0197,169451,tail fiber protein,1507,Klebsiella pneumoniae,AMR-0197
klebsiella,PV963843,Klebsiella phage THK_07,Klebsiella pneumoniae AMR-0197,169304,tail fiber protein,1391,Klebsiella pneumoniae,AMR-0197
ecoli,PZ334583,Escherichia phage EcoStrike,Escherichia coli M2-35,45069,tail spike protein,632,Escherichia coli,M2-35
ecoli,PZ334583,Escherichia phage EcoStrike,Escherichia coli M2-35,45069,tail fiber protein,320,Escherichia coli,M2-35
ecoli,PZ247578,Escherichia phage vB_EcoA-Sparklingdew,Escherichia coli,37944,tailspike protein,188,Escherichia coli,
ecoli,PV946933,Escherichia phage vB_EcoM_51,Escherichia coli (multidrug-resistant),167016,tail fiber protein,1087,Escherichia coli,(multidrug-resistant)
ecoli,PV946933,Escherichia phage vB_EcoM_51,Escherichia coli (multidrug-resistant),167016,short tail fiber protein,516,Escherichia coli,(multidrug-resistant)
ecoli,PV889368,Escherichia phage vB-EcoP-B10,Escherichia sp. B10,40015,tail fiber protein,188,,
ecoli,PZ296771,Escherichia phage vB_EcoM_QH01,Escherichia sp.,166658,short tail fiber protein,527,,
ecoli,PZ296771,Escherichia phage vB_EcoM_QH01,Escherichia sp.,166658,long-tail fiber protein,1041,,
ecoli,PV357172,Escherichia phage vB_Ecoli_HMKU_E6,Escherichia coli E6,110899,tail fiber protein,212,Escherichia coli,E6
ecoli,PV357172,Escherichia phage vB_Ecoli_HMKU_E6,Escherichia coli E6,110899,side tail fiber protein Stf,782,Escherichia coli,E6
ecoli,PV357171,Escherichia phage vB_Ecoli_HMKU_E5,Escherichia coli E5,110901,tail fiber protein,164,Escherichia coli,E5
ecoli,PV357171,Escherichia phage vB_Ecoli_HMKU_E5,Escherichia coli E5,110901,side tail fiber protein Stf,782,Escherichia coli,E5
ecoli,PV357170,Escherichia phage vB_Ecoli_HMKU_E4,Escherichia coli E4,42358,tailspike protein,156,Escherichia coli,E4
ecoli,PV357170,Escherichia phage vB_Ecoli_HMKU_E4,Escherichia coli E4,42358,tail fiber protein,329,Escherichia coli,E4
ecoli,PV357169,Escherichia phage vB_Ecoli_HMKU_E2,Escherichia coli E2,43293,tail fiber protein,329,Escherichia coli,E2
ecoli,PZ168832,Escherichia phage EHEC-B,Escherichia coli O157:H7 ATCC 35150,67296,tail fiber protein,785,Escherichia coli,O157:H7 ATCC 35150
ecoli,PZ166176,Escherichia phage vECPPW15,Escherichia coli,149378,tail fiber protein,233,Escherichia coli,
ecoli,PZ166176,Escherichia phage vECPPW15,Escherichia coli,149378,tailspike protein,648,Escherichia coli,
ecoli,PZ151149,Escherichia phage Vb_EcoM_P9,Escherichia coli GZEC-1,162926,tail fiber protein,496,Escherichia coli,GZEC-1
ecoli,PX930854,Escherichia phage vB_Eco_EFF13,Escherichia coli WG5,89596,long-tail fiber protein,395,Escherichia coli,WG5
ecoli,PX930853,Escherichia phage vB_Eco_EUR32,Escherichia coli WG5,51150,tail fibers protein,814,Escherichia coli,WG5
ecoli,PX930852,Escherichia phage vB_Eco_INF11,Escherichia coli WG5,89584,tail fibers protein,794,Escherichia coli,WG5
ecoli,PX930852,Escherichia phage vB_Eco_INF11,Escherichia coli WG5,89584,tail fiber protein,395,Escherichia coli,WG5
ecoli,PX930851,Escherichia phage vB_Eco_EFF11A,Escherichia coli WG5,166951,long tail fiber protein distal subunit,1109,Escherichia coli,WG5
ecoli,PX930851,Escherichia phage vB_Eco_EFF11A,Escherichia coli WG5,166951,tail fiber protein,258,Escherichia coli,WG5
ecoli,PZ256265,Escherichia phage ev_rybdy6,Escherichia coli ATCC BAA-2469,77212,tail fiber protein,322,Escherichia coli,ATCC BAA-2469
ecoli,PZ256264,Escherichia phage ev_rybdy2,Escherichia coli ATCC BAA-2469,77715,tail fiber protein,322,Escherichia coli,ATCC BAA-2469
ecoli,PZ256263,Escherichia phage ev_rybdy1,Escherichia coli ATCC BAA-2469,76930,tail fiber protein,322,Escherichia coli,ATCC BAA-2469
ecoli,PZ273787,Escherichia phage vB_EcoS_KanT1,Escherichia coli BW25113,49998,central tail fiber J,1139,Escherichia coli,BW25113
ecoli,PZ273787,Escherichia phage vB_EcoS_KanT1,Escherichia coli BW25113,49998,tail fiber protein,615,Escherichia coli,BW25113
ecoli,PX123545,Escherichia phage vB_EcoP_SSK1,Escherichia coli O111:H2,39506,tail spike protein,769,Escherichia coli,O111:H2
ecoli,PX068456,Escherichia phage ECP2402,Escherichia coli,146024,tail fiber protein,656,Escherichia coli,
ecoli,PX068456,Escherichia phage ECP2402,Escherichia coli,146024,tail spike protein,690,Escherichia coli,
ecoli,PX068456,Escherichia phage ECP2402,Escherichia coli,146024,putative tail fiber protein,719,Escherichia coli,
ecoli,PX068455,Escherichia phage ECP2308,Escherichia coli,136614,putative tail fiber protein,581,Escherichia coli,
ecoli,PX068455,Escherichia phage ECP2308,Escherichia coli,136614,tail fiber protein,347,Escherichia coli,
ecoli,PX068455,Escherichia phage ECP2308,Escherichia coli,136614,lateral tail fiber protein,1266,Escherichia coli,
ecoli,PX068454,Escherichia phage ECP2306,Escherichia coli,135638,putative tail fiber protein,581,Escherichia coli,
ecoli,PX068454,Escherichia phage ECP2306,Escherichia coli,135638,tail fiber protein,346,Escherichia coli,
ecoli,PX068454,Escherichia phage ECP2306,Escherichia coli,135638,central tail fiber J,1279,Escherichia coli,
ecoli,PX068454,Escherichia phage ECP2306,Escherichia coli,135638,lateral tail fiber protein,1266,Escherichia coli,
ecoli,PZ212788,Escherichia phage 5540,Escherichia coli ET38 (527_CL100139376_L02),131071,tail fiber protein,222,Escherichia coli,ET38 (527_CL100139376_L02)
ecoli,PZ212788,Escherichia phage 5540,Escherichia coli ET38 (527_CL100139376_L02),131071,central tail fiber J,1279,Escherichia coli,ET38 (527_CL100139376_L02)
ecoli,PZ171032,Escherichia phage 5537,Escherichia coli ET38 (527_CL100139376_L02),135160,tail fiber protein,581,Escherichia coli,ET38 (527_CL100139376_L02)
ecoli,PZ171032,Escherichia phage 5537,Escherichia coli ET38 (527_CL100139376_L02),135160,central tail fiber J,1381,Escherichia coli,ET38 (527_CL100139376_L02)
ecoli,PX132564,Escherichia phage vB_Eco_ppH1,Escherichia coli GCU-H1,47573,side tail fiber protein,673,Escherichia coli,GCU-H1
ecoli,PX583170,Escherichia phage vB-EcoM-Eg05,Escherichia coli,56260,tail fiber protein,382,Escherichia coli,
ecoli,PX583170,Escherichia phage vB-EcoM-Eg05,Escherichia coli,56260,putative tail fiber protein,341,Escherichia coli,
ecoli,PX393110,Escherichia phage Inksom_phi50-4,Escherichia coli,112912,tail-spike-N domain-containing protein,255,Escherichia coli,
ecoli,PX393110,Escherichia phage Inksom_phi50-4,Escherichia coli,112912,long tail fiber protein,994,Escherichia coli,
ecoli,PX393110,Escherichia phage Inksom_phi50-4,Escherichia coli,112912,tail fiber protein,483,Escherichia coli,
ecoli,PX393109,Escherichia phage Inksom_phi25-4,Escherichia coli,113488,tail fiber protein,483,Escherichia coli,
ecoli,PX393109,Escherichia phage Inksom_phi25-4,Escherichia coli,113488,long tail fiber protein,995,Escherichia coli,
ecoli,PX393109,Escherichia phage Inksom_phi25-4,Escherichia coli,113488,putative tail fibers protein,207,Escherichia coli,
ecoli,PX393109,Escherichia phage Inksom_phi25-4,Escherichia coli,113488,tail-spike-N domain-containing protein,255,Escherichia coli,
ecoli,PX393108,Escherichia phage Inksom_phi25-6,Escherichia coli,167245,tail fiber protein,78,Escherichia coli,
ecoli,PX393108,Escherichia phage Inksom_phi25-6,Escherichia coli,167245,long-tail fiber protein,371,Escherichia coli,
ecoli,PX393108,Escherichia phage Inksom_phi25-6,Escherichia coli,167245,long tail fiber protein,1318,Escherichia coli,
ecoli,PX393108,Escherichia phage Inksom_phi25-6,Escherichia coli,167245,short tail fiber protein,527,Escherichia coli,
ecoli,PZ049337,Escherichia phage EC1KC,Escherichia coli (multidrug-resistant strain),52976,tail fiber protein,450,Escherichia coli,(multidrug-resistant strain)
ecoli,PZ091942,Escherichia phage vB_EcoP_P61425,Escherichia coli,77933,tail fiber protein,336,Escherichia coli,
ecoli,PX962436,Escherichia phage vB_EcS_Jnl-01,Escherichia coli,48115,tail fiber protein,401,Escherichia coli,
ecoli,PX969075,Escherichia phage mEp409,Escherichia coli K-12 (W3110),40709,central tail fiber receptor binding protein,1146,Escherichia coli,K-12 (W3110)
ecoli,PX969075,Escherichia phage mEp409,Escherichia coli K-12 (W3110),40709,tail fiber protein,422,Escherichia coli,K-12 (W3110)
ecoli,PX943856,Escherichia phage vB_EcoM-RPN242-TrD10,Escherichia coli M242-D10F1,154921,tail spike protein,741,Escherichia coli,M242-D10F1
ecoli,PX943856,Escherichia phage vB_EcoM-RPN242-TrD10,Escherichia coli M242-D10F1,154921,tail fiber protein,807,Escherichia coli,M242-D10F1
ecoli,PX021331,Escherichia phage Serwaa,Escherichia coli,62144,tail fiber protein,1046,Escherichia coli,
ecoli,PZ049694,Escherichia phage MEC7,Escherichia coli ATCC 43890 (O157:H7),168475,tail fiber protein,1291,Escherichia coli,ATCC 43890 (O157:H7)
ecoli,PZ049694,Escherichia phage MEC7,Escherichia coli ATCC 43890 (O157:H7),168475,long tail fiber protein distal subunit,1081,Escherichia coli,ATCC 43890 (O157:H7)
ecoli,PZ053912,Escherichia phage phiM,Escherichia coli,170036,tail fiber protein,135,Escherichia coli,
ecoli,PZ053912,Escherichia phage phiM,Escherichia coli,170036,short tail fiber protein,527,Escherichia coli,
ecoli,OZ418234,Escherichia phage ue_4E6,,41487,"tail fiber protein, T7_Gp17-like protein",729,,
ecoli,OZ418233,Escherichia phage ue_4C9,,40362,"tail fiber protein, T7_Gp17-like protein",729,,
ecoli,OZ418230,Escherichia phage jv_4E6,,42499,central tail fiber protein,1160,,
ecoli,OZ418230,Escherichia phage jv_4E6,,42499,tail fiber protein,673,,
ecoli,OZ418229,Escherichia phage Josas_2H4,,50385,central tail fiber protein,1159,,
ecoli,OZ418229,Escherichia phage Josas_2H4,,50385,tail fiber protein,791,,
ecoli,PX572931,Escherichia phage Tiny,Escherichia sp.,53007,tail fiber protein,450,,
ecoli,PZ050807,Escherichia phage KBU_SV1,Escherichia coli,45190,tail fiber protein,293,Escherichia coli,
ecoli,PZ019086,Escherichia phage Wasif,Escherichia coli S87,169810,tail fiber protein,102,Escherichia coli,S87
ecoli,PZ019086,Escherichia phage Wasif,Escherichia coli S87,169810,long tail fiber protein distal subunit,1241,Escherichia coli,S87
ecoli,PZ019086,Escherichia phage Wasif,Escherichia coli S87,169810,tail fiber protein host specificity,261,Escherichia coli,S87
ecoli,PZ019084,Escherichia phage Rayhan,Escherichia coli S87,166406,tail fiber protein,102,Escherichia coli,S87
ecoli,PZ019084,Escherichia phage Rayhan,Escherichia coli S87,166406,long tail fiber protein distal subunit,1262,Escherichia coli,S87
ecoli,PZ019084,Escherichia phage Rayhan,Escherichia coli S87,166406,tail fiber protein host specificity,264,Escherichia coli,S87
ecoli,PZ019085,Escherichia phage Anabia,Escherichia coli S87,168431,long tail fiber protein distal subunit,1044,Escherichia coli,S87
ecoli,PZ019085,Escherichia phage Anabia,Escherichia coli S87,168431,tail fiber protein,98,Escherichia coli,S87
ecoli,PZ019083,Escherichia phage Azraf,Escherichia coli S87,41142,tail fiber protein,466,Escherichia coli,S87
ecoli,PZ019083,Escherichia phage Azraf,Escherichia coli S87,41142,tail spike protein,708,Escherichia coli,S87
ecoli,PZ019082,Escherichia phage Ayan,Escherichia coli S87,40613,tail fiber protein,466,Escherichia coli,S87
ecoli,PZ019082,Escherichia phage Ayan,Escherichia coli S87,40613,tail spike protein,675,Escherichia coli,S87
ecoli,PX418922,Escherichia phage Junood_PK_3,Escherichia coli,149814,tailspike protein,833,Escherichia coli,
ecoli,OM867527,Escherichia phage GN07,Escherichia coli,70120,tailspike protein,965,Escherichia coli,
ecoli,OM867526,Escherichia phage GN06,Escherichia coli,107237,tail fiber protein,212,Escherichia coli,
ecoli,OM867526,Escherichia phage GN06,Escherichia coli,107237,tail fibers protein,463,Escherichia coli,
ecoli,PX994957,Escherichia phage vB_EcoM-DCSW23lw,sewage water,167430,tail fiber protein,102,,
ecoli,PX994957,Escherichia phage vB_EcoM-DCSW23lw,sewage water,167430,tail fibers protein,78,,
ecoli,PX994957,Escherichia phage vB_EcoM-DCSW23lw,sewage water,167430,long tail fiber protein,1108,,
ecoli,PX994957,Escherichia phage vB_EcoM-DCSW23lw,sewage water,167430,short tail fiber protein,516,,
ecoli,PZ000615,Escherichia phage vB_EcoM_Ww_Az2,Escherichia coli,51960,tail fiber protein,218,Escherichia coli,
ecoli,PZ026127,Escherichia phage EC-2-32-1,Escherichia coli,171349,short tail fiber protein,508,Escherichia coli,
ecoli,PZ026127,Escherichia phage EC-2-32-1,Escherichia coli,171349,tail fiber protein,265,Escherichia coli,
ecoli,PX907403,Escherichia phage Char3.1A,Escherichia coli,44856,tail fiber protein,532,Escherichia coli,
ecoli,PX907402,Escherichia phage Char4.1C,Escherichia coli,44317,tail fiber protein,532,Escherichia coli,
ecoli,PX907401,Escherichia phage Char1o2,Escherichia coli,44007,tail fiber protein,373,Escherichia coli,
ecoli,PX853812,Escherichia phage SF-E4,Escherichia coli ATCC 35150,167895,short tail fiber protein,516,Escherichia coli,ATCC 35150
ecoli,PX853812,Escherichia phage SF-E4,Escherichia coli ATCC 35150,167895,tail fiber protein,78,Escherichia coli,ATCC 35150
ecoli,PX853812,Escherichia phage SF-E4,Escherichia coli ATCC 35150,167895,long-tail fiber protein,1109,Escherichia coli,ATCC 35150
ecoli,PX853812,Escherichia phage SF-E4,Escherichia coli ATCC 35150,167895,tail fibers protein,259,Escherichia coli,ATCC 35150
ecoli,PX880103,Escherichia phage Shurale,Escherichia coli MG1655DeltaRM,165503,long tail fiber protein distal subunit,1180,Escherichia coli,MG1655DeltaRM
ecoli,PX880103,Escherichia phage Shurale,Escherichia coli MG1655DeltaRM,165503,tail fiber protein,259,Escherichia coli,MG1655DeltaRM
ecoli,PX880102,Escherichia phage Tulpar,Escherichia coli MG1655DeltaRM,166272,long tail fiber protein distal subunit,1109,Escherichia coli,MG1655DeltaRM
ecoli,PX880102,Escherichia phage Tulpar,Escherichia coli MG1655DeltaRM,166272,tail fiber protein,258,Escherichia coli,MG1655DeltaRM
ecoli,PX880101,Escherichia phage Baiterek,Escherichia coli MG1655DeltaRM,135305,tail fiber protein,222,Escherichia coli,MG1655DeltaRM
ecoli,PX880101,Escherichia phage Baiterek,Escherichia coli MG1655DeltaRM,135305,central tail fiber J,1279,Escherichia coli,MG1655DeltaRM
ecoli,PX880100,Escherichia phage Samruk,Escherichia coli MG1655DeltaRM,108532,central tail fiber J,949,Escherichia coli,MG1655DeltaRM
ecoli,PX880100,Escherichia phage Samruk,Escherichia coli MG1655DeltaRM,108532,collar tail protein for L-shaped tail fiber attachment,140,Escherichia coli,MG1655DeltaRM
ecoli,PX880100,Escherichia phage Samruk,Escherichia coli MG1655DeltaRM,108532,tail fiber protein,1116,Escherichia coli,MG1655DeltaRM
ecoli,PX880100,Escherichia phage Samruk,Escherichia coli MG1655DeltaRM,108532,receptor binding tail protein,585,Escherichia coli,MG1655DeltaRM
ecoli,PX880099,Escherichia phage Aidakhar,Escherichia coli EV76,152157,tail fiber protein,233,Escherichia coli,EV76
ecoli,PX880098,Escherichia phage Taldykol,Escherichia coli MG1655DeltaRM,44688,tail spike protein,643,Escherichia coli,MG1655DeltaRM
ecoli,PX974237,Escherichia phage vB_EcoS_GZMU_EI9,Escherichia coli,44742,tail fiber protein,661,Escherichia coli,
ecoli,PX651718,Escherichia phage vB_EcoM_D15,Escherichia coli,52949,tail fiber protein,214,Escherichia coli,
ecoli,NC_105433,Escherichia phage vB_EcoD_Poky,raw sewage,51374,putative tail fiber protein,1192,,
ecoli,NC_105433,Escherichia phage vB_EcoD_Poky,raw sewage,51374,putative tail fiber,767,,
ecoli,NC_105619,Escherichia phage vB_EcoS_SA32RD,dairy cattle,48980,tail fiber protein,1149,,
ecoli,NC_105618,Escherichia phage vB_EcoS_SA30RD,dairy cattle,50465,tail fiber protein,222,,
ecoli,NC_105617,Escherichia phage vB_EcoS_SA12KD,dairy cattle,50709,tail fiber protein,1150,,
ecoli,NC_109358,Escherichia phage LHE71,Escherichia coli K-12,50158,tail fiber,594,Escherichia coli,K-12
ecoli,NC_109358,Escherichia phage LHE71,Escherichia coli K-12,50158,tail spike protein,101,Escherichia coli,K-12
ecoli,NC_105106,Escherichia phage LeonhardEuler,Escherichia coli K-12,50192,lateral tail fiber protein,660,Escherichia coli,K-12
ecoli,NC_129764,Escherichia phage vB_EcoS_Chapo,,51099,tail fibers protein,222,,
ecoli,NC_129764,Escherichia phage vB_EcoS_Chapo,,51099,tail fiber protein,1150,,
ecoli,NC_105105,Escherichia phage BrunoManser,Escherichia coli K-12,49298,lateral tail fiber protein,594,Escherichia coli,K-12
ecoli,NC_101840,Escherichia phage orkinos,Escherichia coli K-12 MG1655,49798,tail fiber protein,1192,Escherichia coli,K-12 MG1655
ecoli,NC_105436,Escherichia phage JLBYU26,,51253,putative tail fiber protein,1192,,
ecoli,NC_105507,Escherichia phage JLBYU16,,49995,putative tail fiber protein,1204,,
ecoli,NC_105507,Escherichia phage JLBYU16,,49995,tail fiber domain-containing protein,231,,
ecoli,NC_105507,Escherichia phage JLBYU16,,49995,putative prophage tail fiber N-terminal domain-containing protein,651,,
ecoli,NC_101820,Escherichia phage ityhuna,Escherichia coli K-12 MG1655,50768,putative tail fiber protein,1192,Escherichia coli,K-12 MG1655
ecoli,NC_101820,Escherichia phage ityhuna,Escherichia coli K-12 MG1655,50768,tail fiber protein,664,Escherichia coli,K-12 MG1655
ecoli,NC_103567,Escherichia phage U136B,Escherichia coli,49223,putative tail fiber protein,1258,Escherichia coli,
ecoli,NC_102605,Escherichia phage vB_EcoS_011D2,Escherichia coli,50633,tail fiber protein,709,Escherichia coli,
ecoli,NC_130088,Escherichia phage vB_EcoD_Mishu,sewage,49713,putative tail fiber protein,1258,,
ecoli,NC_105102,Escherichia phage DanielBernoulli,Escherichia coli K-12,50731,lateral tail fiber protein,639,Escherichia coli,K-12
ecoli,PX930192,Escherichia phage Doce,Escherichia coli K-12,89002,tail fiber protein,382,Escherichia coli,K-12
ecoli,PX915678,Escherichia phage vB_EcoM_PhiSG_Ec1,Escherichia coli MCC2246,165848,long-tail fiber protein,371,Escherichia coli,MCC2246
ecoli,PX915678,Escherichia phage vB_EcoM_PhiSG_Ec1,Escherichia coli MCC2246,165848,short tail fiber protein,516,Escherichia coli,MCC2246
ecoli,PX922076,Escherichia phage ThamKa,urban stagnant water,135886,tail fiber protein,581,,
ecoli,PX922076,Escherichia phage ThamKa,urban stagnant water,135886,central tail fiber J,1279,,
ecoli,PQ821741,Escherichia phage S11,Escherichia coli,40867,tail fiber protein,171,Escherichia coli,
ecoli,PX871047,Escherichia phage vB_EcoS-Vi12,lake water,42242,tail fiber protein,826,,
ecoli,PX871047,Escherichia phage vB_EcoS-Vi12,lake water,42242,tailspike protein,604,,
ecoli,PX842581,Escherichia phage SF-E5,Escherichia coli ATCC 35150,167255,short tail fiber protein,516,Escherichia coli,ATCC 35150
ecoli,PX842581,Escherichia phage SF-E5,Escherichia coli ATCC 35150,167255,long-tail fiber protein,1109,Escherichia coli,ATCC 35150
ecoli,PX842581,Escherichia phage SF-E5,Escherichia coli ATCC 35150,167255,tail fiber protein,259,Escherichia coli,ATCC 35150
ecoli,PX848766,Escherichia phage PEC-36,Escherichia coli EC539,56547,tail fiber protein,446,Escherichia coli,EC539
ecoli,PX787811,Escherichia phage vB_EcoM_G9X,Escherichia coli,170172,short tail fiber protein,508,Escherichia coli,
ecoli,PX787811,Escherichia phage vB_EcoM_G9X,Escherichia coli,170172,long tail fiber,1349,Escherichia coli,
ecoli,PX787811,Escherichia phage vB_EcoM_G9X,Escherichia coli,170172,long tail fiber distal subunit,1104,Escherichia coli,
ecoli,PX759568,Escherichia phage Rep13-52,Escherichia coli,166662,tail fiber protein,265,Escherichia coli,
ecoli,PX759568,Escherichia phage Rep13-52,Escherichia coli,166662,long tail fiber protein distal subunit,1024,Escherichia coli,
ecoli,PX759567,Escherichia phage Huge,Escherichia coli,39152,tail fiber protein,558,Escherichia coli,
ecoli,PQ226819,Escherichia phage vB_EcoP_AMO3819-2,Escherichia sp.,44488,non-contractile tail fiber protein,320,,
ecoli,PQ037200,Escherichia phage vB_EcoS_AMO3640,Escherichia sp.,44332,tail fiber protein,553,,
ecoli,PX418213,Escherichia phage S3.1.1,Escherichia coli,119413,L-shaped tail fiber protein,140,Escherichia coli,
ecoli,PX418213,Escherichia phage S3.1.1,Escherichia coli,119413,receptor-binding protein,595,Escherichia coli,
ecoli,PX741047,Escherichia phage PG3,bovine feces,167177,putative short tail fiber protein,516,,
ecoli,PX741047,Escherichia phage PG3,bovine feces,167177,putative long-tail fiber protein,371,,
ecoli,PX741047,Escherichia phage PG3,bovine feces,167177,putative tail fiber adhesin protein,258,,
ecoli,PX741046,Escherichia phage L73,dairy farm effluent,166839,putative short tail fiber protein,527,,
ecoli,PX741046,Escherichia phage L73,dairy farm effluent,166839,putative long-tail fiber protein,371,,
ecoli,PX741045,Escherichia phage A4.3,pooled sample of bovine feces and dairy farm effluents,139846,putative tail fiber protein,347,,
ecoli,PX741045,Escherichia phage A4.3,pooled sample of bovine feces and dairy farm effluents,139846,putative tail spike protein TSP1,1270,,
ecoli,PX741045,Escherichia phage A4.3,pooled sample of bovine feces and dairy farm effluents,139846,putative tail spike protein,222,,
ecoli,PX741096,Escherichia phage BpE1AUH,Escherichia coli K-12,134410,putative tail fiber protein,222,Escherichia coli,K-12
ecoli,PX741096,Escherichia phage BpE1AUH,Escherichia coli K-12,134410,tail fiber protein,104,Escherichia coli,K-12
ecoli,NC_105113,Escherichia phage GreteKellenberger,Escherichia coli K-12,114196,lateral tail fiber protein,1034,Escherichia coli,K-12
ecoli,NC_105113,Escherichia phage GreteKellenberger,Escherichia coli K-12,114196,tail fiber protein,581,Escherichia coli,K-12
ecoli,NC_105113,Escherichia phage GreteKellenberger,Escherichia coli K-12,114196,receptor-binding tail tip protein,593,Escherichia coli,K-12
ecoli,PX705375,Escherichia phage CF03,Escherichia coli ATCC 25922,77673,tail fiber protein,65,Escherichia coli,ATCC 25922
ecoli,PX682545,Escherichia phage phiEco73,Escherichia coli G0073,39919,tail spike protein,472,Escherichia coli,G0073
ecoli,PX682545,Escherichia phage phiEco73,Escherichia coli G0073,39919,tail fiber protein,188,Escherichia coli,G0073
ecoli,PX667728,Escherichia phage NL42,Escherichia coli (DH5alpha),88358,tail fibers protein,783,Escherichia coli,(DH5alpha)
ecoli,PX620742,Escherichia phage vB_ECC-2,Escherichia coli,38762,tail fiber protein,559,Escherichia coli,
ecoli,PX620741,Escherichia phage vB_BS-2,Escherichia coli,38775,tail fiber protein,599,Escherichia coli,
ecoli,PX405663,Escherichia phage Junood_PK1,Escherichia coli,45326,tail fiber domain-containing protein,771,Escherichia coli,
ecoli,PX405662,Escherichia phage Junood_PK2,Escherichia coli,39213,tail fiber protein,558,Escherichia coli,
ecoli,PV615262,Escherichia phage vB_Eco_01KA,Escherichia coli,39611,tail fiber protein,243,Escherichia coli,
ecoli,PX645697,Escherichia phage vB_EcoP_ZCEC16,Escherichia coli,77362,tail fiber protein,926,Escherichia coli,
ecoli,PX521588,Escherichia phage vB_EcoA_8D1,Escherichia coli,168000,tail fiber protein,1276,Escherichia coli,
ecoli,PX521587,Escherichia phage vB_EcoA_3D2,Escherichia coli,151346,tail fiber protein,235,Escherichia coli,
ecoli,PX521586,Escherichia phage vB_EcoA_1D1,Escherichia coli,150823,tail fiber protein,235,Escherichia coli,
ecoli,PX521586,Escherichia phage vB_EcoA_1D1,Escherichia coli,150823,tail spike protein,744,Escherichia coli,
ecoli,PX516694,Escherichia phage OLB156,Escherichia coli 11-1677A,168143,tail fiber protein,527,Escherichia coli,11-1677A
ecoli,PX282428,Escherichia phage HME2,Escherichia coli ATCC 43890,158278,tail fiber protein,269,Escherichia coli,ATCC 43890
ecoli,PX282428,Escherichia phage HME2,Escherichia coli ATCC 43890,158278,putative tail fiber,396,Escherichia coli,ATCC 43890
ecoli,PX282428,Escherichia phage HME2,Escherichia coli ATCC 43890,158278,tail spike TSP1,1036,Escherichia coli,ATCC 43890
ecoli,OM418627,Escherichia phage Lambda h434 imm21,Escherichia coli,43452,side tail fiber protein,437,Escherichia coli,
ecoli,OM418626,Escherichia phage Lambda imm434,Escherichia coli,47326,tail fiber protein,401,Escherichia coli,
ecoli,OM418625,Escherichia phage Lambda imm21,Escherichia coli,46148,tail fiber protein,682,Escherichia coli,
ecoli,OL657228,Escherichia phage 21,Escherichia coli,42931,central tail fiber,1160,Escherichia coli,
ecoli,OL657228,Escherichia phage 21,Escherichia coli,42931,side tail fiber,686,Escherichia coli,
ecoli,OL657227,Escherichia phage 434,Escherichia coli,47075,central tail fiber,1137,Escherichia coli,
ecoli,OL657227,Escherichia phage 434,Escherichia coli,47075,side tail fiber,437,Escherichia coli,
ecoli,OL657226,Escherichia phage 434,Escherichia coli,47993,central tail fiber,1137,Escherichia coli,
ecoli,OL657226,Escherichia phage 434,Escherichia coli,47993,side tail fiber,437,Escherichia coli,
ecoli,NC_100129,Escherichia phage Jahat_MG145,Escherichia coli,50984,tail fiber protein,651,Escherichia coli,
ecoli,NC_105104,Escherichia phage JohannLBurckhardt,Escherichia coli K-12,49715,lateral tail fiber protein,827,Escherichia coli,K-12
ecoli,NC_130051,Escherichia phage IsaakIselin,Escherichia coli K-12,49911,lateral tail fiber protein,666,Escherichia coli,K-12
ecoli,NC_105100,Escherichia phage KarlJaspers,Escherichia coli K-12,51474,lateral tail fiber protein,651,Escherichia coli,K-12
ecoli,NC_105513,Escherichia phage JLBYU41,,51277,putative tail fiber protein,1192,,
ecoli,PX655591,Escherichia phage vB_EcoP_ZCEC17,Escherichia coli O114,38819,tail spike protein,766,Escherichia coli,O114
ecoli,PX514237,Escherichia phage EPIMAM03,Escherichia coli ATCC 25922,45238,tail fiber protein,293,Escherichia coli,ATCC 25922
ecoli,NC_105101,Escherichia phage JakobBernoulli,Escherichia coli K-12,51129,lateral tail fiber protein,741,Escherichia coli,K-12
ecoli,NC_111505,Escherichia phage YP-6,Escherichia coli,139323,tail fiber protein,347,Escherichia coli,
ecoli,NC_111505,Escherichia phage YP-6,Escherichia coli,139323,putative tail fiber protein,346,Escherichia coli,
ecoli,NC_111505,Escherichia phage YP-6,Escherichia coli,139323,tail fiber domain-containing protein,1266,Escherichia coli,
ecoli,NC_105137,Escherichia phage WalterGehring,Escherichia coli K-12,140659,lateral tail fiber protein,865,Escherichia coli,K-12
ecoli,NC_105137,Escherichia phage WalterGehring,Escherichia coli K-12,140659,tail fiber protein,196,Escherichia coli,K-12
ecoli,NC_105137,Escherichia phage WalterGehring,Escherichia coli K-12,140659,lateral tail fiber protein with fibronectin type III domain,1279,Escherichia coli,K-12
ecoli,NC_105137,Escherichia phage WalterGehring,Escherichia coli K-12,140659,short tail fiber protein,346,Escherichia coli,K-12
ecoli,NC_105137,Escherichia phage WalterGehring,Escherichia coli K-12,140659,lateral tail fiber protein with glycosidase domain,581,Escherichia coli,K-12
ecoli,NC_105137,Escherichia phage WalterGehring,Escherichia coli K-12,140659,lateral tail fiber protein with intimin domain,1875,Escherichia coli,K-12
ecoli,NC_129898,Escherichia phage vB_EcoM_SYGMH1,Escherichia coli min27,137423,tail fiber protein,346,Escherichia coli,min27
ecoli,NC_129898,Escherichia phage vB_EcoM_SYGMH1,Escherichia coli min27,137423,tail fibers protein,68,Escherichia coli,min27
ecoli,NC_104726,Escherichia phage vB_EcoM_SophiaRose,North Davis,139943,putative tail fiber protein,581,,
ecoli,NC_094493,Escherichia phage PDX,Escherichia coli,138427,tail fiber protein,581,Escherichia coli,
ecoli,NC_101842,Escherichia phage pangalan,Escherichia coli K-12 MG1655,136944,putative tail fiber protein,222,Escherichia coli,K-12 MG1655
ecoli,NC_101842,Escherichia phage pangalan,Escherichia coli K-12 MG1655,136944,tail fiber protein,1479,Escherichia coli,K-12 MG1655
ecoli,NC_101838,Escherichia phage nomine,Escherichia coli K-12 MG1655,137991,putative tail fiber protein,222,Escherichia coli,K-12 MG1655
ecoli,NC_101838,Escherichia phage nomine,Escherichia coli K-12 MG1655,137991,tail fiber protein,1479,Escherichia coli,K-12 MG1655
ecoli,PX375238,Escherichia phage suisiam,Escherichia coli,165213,tail fiber protein,496,Escherichia coli,
ecoli,PX375238,Escherichia phage suisiam,Escherichia coli,165213,long tail fiber protein distal subunit,919,Escherichia coli,
ecoli,PX375237,Escherichia phage pathom,Escherichia coli,39665,tail fiber protein,575,Escherichia coli,
ecoli,PX375236,Escherichia phage silpakorn,Escherichia coli,39409,tail fiber protein,642,Escherichia coli,
ecoli,PX375235,Escherichia phage biotsu,Escherichia coli,39704,tail fiber protein,783,Escherichia coli,
ecoli,PX586628,Escherichia phage BorMax,Escherichia coli ATCC 25922,45502,side tail fiber protein Stf,675,Escherichia coli,ATCC 25922
ecoli,PX586628,Escherichia phage BorMax,Escherichia coli ATCC 25922,45502,tail fiber,293,Escherichia coli,ATCC 25922
ecoli,NC_101837,Escherichia phage nom,Escherichia coli K-12 MG1655,136114,putative tail fiber protein,581,Escherichia coli,K-12 MG1655
ecoli,NC_101837,Escherichia phage nom,Escherichia coli K-12 MG1655,136114,tail fiber protein,347,Escherichia coli,K-12 MG1655
klebsiella,PZ447394,Klebsiella phage KC84,Klebsiella pneumoniae KL64 48,170418,short tail fiber protein,451,Klebsiella pneumoniae,KL64 48
klebsiella,PZ447394,Klebsiella phage KC84,Klebsiella pneumoniae KL64 48,170418,L-shaped tail fiber protein,1428,Klebsiella pneumoniae,KL64 48
klebsiella,PZ447394,Klebsiella phage KC84,Klebsiella pneumoniae KL64 48,170418,tail fiber protein,230,Klebsiella pneumoniae,KL64 48
klebsiella,PZ447394,Klebsiella phage KC84,Klebsiella pneumoniae KL64 48,170418,long tail fiber protein,377,Klebsiella pneumoniae,KL64 48
klebsiella,PZ447393,Klebsiella phage KC710,Klebsiella pneumoniae KL64 47,50857,tail fiber protein,1150,Klebsiella pneumoniae,KL64 47
klebsiella,PZ433559,Klebsiella phage CP-p-KP-21013,Klebsiella pneumoniae,40678,tail fiber protein,1017,Klebsiella pneumoniae,
klebsiella,PX529439,Klebsiella phage vB_KpnP_KS2,Klebsiella pneumoniae,45444,tail fiber protein,328,Klebsiella pneumoniae,
klebsiella,PX529439,Klebsiella phage vB_KpnP_KS2,Klebsiella pneumoniae,45444,tail fiber/spike domain-containing protein,563,Klebsiella pneumoniae,
klebsiella,PV976138,Klebsiella phage vB_KpnS_DK05,Klebsiella pneumoniae ATCC 700603,52481,tail fiber protein,611,Klebsiella pneumoniae,ATCC 700603
klebsiella,PV948520,Klebsiella phage LAL023,Klebsiella pneumoniae ATCC 700603,169655,tail fibers protein,102,Klebsiella pneumoniae,ATCC 700603
klebsiella,PV948520,Klebsiella phage LAL023,Klebsiella pneumoniae ATCC 700603,169655,tail fiber protein,1447,Klebsiella pneumoniae,ATCC 700603
klebsiella,PZ402949,Klebsiella phage CP-p-KP-21123,Klebsiella pneumoniae,158838,tail fiber protein,1245,Klebsiella pneumoniae,
klebsiella,PZ402949,Klebsiella phage CP-p-KP-21123,Klebsiella pneumoniae,158838,tail spike protein,634,Klebsiella pneumoniae,
klebsiella,PV871784,Klebsiella phage CP-p-KP-21129,Klebsiella pneumoniae,40797,tail fiber protein,1017,Klebsiella pneumoniae,
klebsiella,PZ156447,Klebsiella phage phi1_205008,Klebsiella pneumoniae,46981,tail fiber protein,216,Klebsiella pneumoniae,
klebsiella,PZ156446,Klebsiella phage phi1_205007,Klebsiella pneumoniae,43705,tail fiber protein,328,Klebsiella pneumoniae,
klebsiella,PZ156445,Klebsiella phage phi1_205006,Klebsiella pneumoniae,178231,tail fiber adhesin,175,Klebsiella pneumoniae,
klebsiella,PZ156445,Klebsiella phage phi1_205006,Klebsiella pneumoniae,178231,tail fiber protein,1317,Klebsiella pneumoniae,
klebsiella,PZ156444,Klebsiella phage phi1_205005,Klebsiella pneumoniae,161364,tail fiber protein,102,Klebsiella pneumoniae,
klebsiella,PZ156444,Klebsiella phage phi1_205005,Klebsiella pneumoniae,161364,tail fiber adhesin,175,Klebsiella pneumoniae,
klebsiella,PZ156443,Klebsiella phage phi1_205004,Klebsiella pneumoniae,177055,tail fiber adhesin,175,Klebsiella pneumoniae,
klebsiella,PZ156443,Klebsiella phage phi1_205004,Klebsiella pneumoniae,177055,tail fiber protein,1273,Klebsiella pneumoniae,
klebsiella,PZ156442,Klebsiella phage phi1_205003,Klebsiella pneumoniae,177081,tail fiber protein,1239,Klebsiella pneumoniae,
klebsiella,PZ156441,Klebsiella phage phi1_205002,Klebsiella pneumoniae,177081,tail fiber protein,1239,Klebsiella pneumoniae,
klebsiella,PZ156440,Klebsiella phage phi1_205001,Klebsiella pneumoniae,168039,tail fiber adhesin,179,Klebsiella pneumoniae,
klebsiella,PZ156440,Klebsiella phage phi1_205001,Klebsiella pneumoniae,168039,tail fiber protein,1477,Klebsiella pneumoniae,
klebsiella,PX131005,Klebsiella phage Cirta,Klebsiella pneumoniae,41620,tail fiber protein,199,Klebsiella pneumoniae,
klebsiella,PX131004,Klebsiella phage Awras,Klebsiella pneumoniae,44549,tail fiber protein,832,Klebsiella pneumoniae,
klebsiella,PX131003,Klebsiella phage Wancharis,Klebsiella pneumoniae,44800,tail fiber protein,1242,Klebsiella pneumoniae,
klebsiella,PX131002,Klebsiella phage Ksemtina,Klebsiella pneumoniae,44943,tail fiber protein,1242,Klebsiella pneumoniae,
klebsiella,PX131001,Klebsiella phage Hogar,Klebsiella pneumoniae,77209,tail spike protein,696,Klebsiella pneumoniae,
klebsiella,PX131000,Klebsiella phage Tissira,Klebsiella pneumoniae,43975,tail fiber protein,793,Klebsiella pneumoniae,
klebsiella,PX130998,Klebsiella phage Ahagar,Klebsiella pneumoniae,77209,tail spike protein,696,Klebsiella pneumoniae,
klebsiella,PX130997,Klebsiella phage Elbey,Klebsiella pneumoniae,47630,tail fiber protein,670,Klebsiella pneumoniae,
klebsiella,PX130996,Klebsiella phage HBM_JD4,Klebsiella pneumoniae,47118,tail fiber protein,670,Klebsiella pneumoniae,
klebsiella,PX130995,Klebsiella phage HBM_JD1,Klebsiella pneumoniae,44105,tail fiber protein,793,Klebsiella pneumoniae,
klebsiella,PX130994,Klebsiella phage Tiddis_DM4,Klebsiella pneumoniae,43523,tail fiber protein,530,Klebsiella pneumoniae,
klebsiella,PX130993,Klebsiella phage Tiddis_DM1,Klebsiella pneumoniae,47118,tail fiber protein,670,Klebsiella pneumoniae,
klebsiella,PZ168308,Klebsiella phage PL3,Klebsiella pneumoniae KP-L9,60985,tail fiber protein,260,Klebsiella pneumoniae,KP-L9
klebsiella,PX412413,Klebsiella phage vB_KM5a1-KLB17,Klebsiella sp. M5a1,177829,short tail fiber protein,461,,
klebsiella,PX412413,Klebsiella phage vB_KM5a1-KLB17,Klebsiella sp. M5a1,177829,long tail fiber protein,1257,,
klebsiella,PX412413,Klebsiella phage vB_KM5a1-KLB17,Klebsiella sp. M5a1,177829,tail fiber protein,222,,
klebsiella,PX412413,Klebsiella phage vB_KM5a1-KLB17,Klebsiella sp. M5a1,177829,L-shaped tail fiber protein,1234,,
klebsiella,PZ103647,Klebsiella phage THQ_03,Klebsiella pneumoniae AMR-0139,60402,tail fiber protein,1228,Klebsiella pneumoniae,AMR-0139
klebsiella,PZ103646,Klebsiella phage THK_18,Klebsiella pneumoniae AMR-1872,49153,tail fiber protein,822,Klebsiella pneumoniae,AMR-1872
klebsiella,PZ103645,Klebsiella phage THK_08_1,Klebsiella pneumoniae AMR-0258,49039,tail fiber protein,656,Klebsiella pneumoniae,AMR-0258
klebsiella,PZ103644,Klebsiella phage THQ_17,Klebsiella pneumoniae AMR-1400,44157,tail fiber protein,889,Klebsiella pneumoniae,AMR-1400
klebsiella,PZ103643,Klebsiella phage THQ_16,Klebsiella pneumoniae AMR-0999,44140,tail fiber protein,889,Klebsiella pneumoniae,AMR-0999
klebsiella,PZ103642,Klebsiella phage THQ_12,Klebsiella pneumoniae AMR-0327,44657,tail fiber protein,1242,Klebsiella pneumoniae,AMR-0327
klebsiella,PZ103641,Klebsiella phage THQ_05,Klebsiella pneumoniae AMR-0135,43461,tail fiber protein,347,Klebsiella pneumoniae,AMR-0135
klebsiella,PZ103641,Klebsiella phage THQ_05,Klebsiella pneumoniae AMR-0135,43461,tail spike protein,787,Klebsiella pneumoniae,AMR-0135
klebsiella,PZ103640,Klebsiella phage THK_16,Klebsiella pneumoniae AMR-0999,44189,tail fiber protein,889,Klebsiella pneumoniae,AMR-0999
klebsiella,PZ103639,Klebsiella phage THK_05,Klebsiella pneumoniae AMR-0135,44166,tail spike protein,787,Klebsiella pneumoniae,AMR-0135
klebsiella,PZ103639,Klebsiella phage THK_05,Klebsiella pneumoniae AMR-0135,44166,tail fiber protein,347,Klebsiella pneumoniae,AMR-0135
klebsiella,PZ103638,Klebsiella phage THK_01,Klebsiella pneumoniae AMR-0123,43224,tail fiber protein,307,Klebsiella pneumoniae,AMR-0123
klebsiella,PQ306523,Klebsiella phage vB_KpnP_BEH219IMT16,Klebsiella pneumoniae subsp. pneumoniae 33495,41076,tail fiber protein,749,Klebsiella pneumoniae,subsp. pneumoniae 33495
klebsiella,PQ306522,Klebsiella phage vB_KpnP_TAR218IMT15,Klebsiella pneumoniae subsp. pneumoniae 33495,38731,tail fiber protein,569,Klebsiella pneumoniae,subsp. pneumoniae 33495
klebsiella,PZ319655,Klebsiella phage Mirion,Klebsiella grimontii K15a,112672,tail fiber protein,680,,
klebsiella,PZ319655,Klebsiella phage Mirion,Klebsiella grimontii K15a,112672,central tail fiber J,948,,
klebsiella,PZ319655,Klebsiella phage Mirion,Klebsiella grimontii K15a,112672,receptor binding tail protein,658,,
klebsiella,PZ319654,Klebsiella phage Lyris,Klebsiella grimontii K15a (K15-8),111013,tail fiber protein,531,,
klebsiella,PZ319654,Klebsiella phage Lyris,Klebsiella grimontii K15a (K15-8),111013,central tail fiber J,948,,
klebsiella,PZ319654,Klebsiella phage Lyris,Klebsiella grimontii K15a (K15-8),111013,receptor binding tail protein,651,,
klebsiella,OQ863736,Klebsiella phage Pdz533,Klebsiella pneumoniae,40416,tail fiber,791,Klebsiella pneumoniae,
klebsiella,OQ863736,Klebsiella phage Pdz533,Klebsiella pneumoniae,40416,tail fibers protein,293,Klebsiella pneumoniae,
klebsiella,OQ863736,Klebsiella phage Pdz533,Klebsiella pneumoniae,40416,putative tail fiber protein,570,Klebsiella pneumoniae,
klebsiella,PQ249163,Klebsiella phage vB_Kpn_Lilla2,Klebsiella pneumoniae UQM90,175036,tail fiber protein,1400,Klebsiella pneumoniae,UQM90
klebsiella,PQ249163,Klebsiella phage vB_Kpn_Lilla2,Klebsiella pneumoniae UQM90,175036,tail fiber adhesin,175,Klebsiella pneumoniae,UQM90
klebsiella,PQ249162,Klebsiella phage vB_Kpn_Lilla1,Klebsiella pneumoniae UQM90,167130,tail fiber protein,1391,Klebsiella pneumoniae,UQM90
klebsiella,PZ305518,Klebsiella phage Lyra,Klebsiella grimontii K15a,111891,tail fiber protein,681,,
klebsiella,PZ305518,Klebsiella phage Lyra,Klebsiella grimontii K15a,111891,central tail fiber J,948,,
klebsiella,PZ305518,Klebsiella phage Lyra,Klebsiella grimontii K15a,111891,receptor binding tail protein,651,,
klebsiella,PZ278545,Klebsiella phage EDIRA092,Klebsiella pneumoniae RT535,50602,central tail fiber J,1470,Klebsiella pneumoniae,RT535
klebsiella,PZ278545,Klebsiella phage EDIRA092,Klebsiella pneumoniae RT535,50602,tail fiber protein,1091,Klebsiella pneumoniae,RT535
klebsiella,PZ278544,Klebsiella phage EDIRA088,Klebsiella pneumoniae RT535,48165,tail fiber protein,415,Klebsiella pneumoniae,RT535
klebsiella,PZ278543,Klebsiella phage EDIRA083,Klebsiella pneumoniae RT535,57873,tail fiber protein,260,Klebsiella pneumoniae,RT535
klebsiella,PZ149775,Klebsiella phage 1132,Klebsiella pneumoniae,49740,tail fiber protein,605,Klebsiella pneumoniae,
klebsiella,PZ195872,Klebsiella phage vB_KpnS_ZCKP09,Klebsiella pneumoniae,57828,tail fiber protein,1435,Klebsiella pneumoniae,
klebsiella,PZ155155,Klebsiella phage Round,Klebsiella pneumoniae,48557,tail fiber protein,743,Klebsiella pneumoniae,
klebsiella,PZ228299,Klebsiella phage BMBo_KpP_016,Klebsiella pneumoniae,43828,tail fiber protein,936,Klebsiella pneumoniae,
klebsiella,PZ233478,Klebsiella phage Atkp016,Klebsiella pneumoniae ATCC 27736,176173,L-shaped tail fiber protein,1400,Klebsiella pneumoniae,ATCC 27736
klebsiella,PZ233478,Klebsiella phage Atkp016,Klebsiella pneumoniae ATCC 27736,176173,tail fibers protein,461,Klebsiella pneumoniae,ATCC 27736
klebsiella,PZ233477,Klebsiella phage Atkp015,Klebsiella pneumoniae LabMCT0682,176654,tail fiber protein,172,Klebsiella pneumoniae,LabMCT0682
klebsiella,PZ233477,Klebsiella phage Atkp015,Klebsiella pneumoniae LabMCT0682,176654,tail fibers protein,462,Klebsiella pneumoniae,LabMCT0682
klebsiella,PZ233476,Klebsiella phage Atkp014,Klebsiella pneumoniae LabMCT0682,175200,L-shaped tail fiber protein,1489,Klebsiella pneumoniae,LabMCT0682
klebsiella,PZ233476,Klebsiella phage Atkp014,Klebsiella pneumoniae LabMCT0682,175200,tail fibers protein,227,Klebsiella pneumoniae,LabMCT0682
klebsiella,PZ233476,Klebsiella phage Atkp014,Klebsiella pneumoniae LabMCT0682,175200,tail fiber protein,377,Klebsiella pneumoniae,LabMCT0682
klebsiella,PZ233475,Klebsiella phage Atkp012,Klebsiella pneumoniae ATCC 27736,49649,tail fiber protein,1233,Klebsiella pneumoniae,ATCC 27736
klebsiella,PZ233474,Klebsiella phage Atkp010,Klebsiella pneumoniae SB4385,108159,tail fiber protein,1428,Klebsiella pneumoniae,SB4385
klebsiella,PZ233474,Klebsiella phage Atkp010,Klebsiella pneumoniae SB4385,108159,tail fibers protein,295,Klebsiella pneumoniae,SB4385
klebsiella,PZ233473,Klebsiella phage Atkp009,Klebsiella pneumoniae NCTC 13438,106783,tail fiber protein,842,Klebsiella pneumoniae,NCTC 13438
klebsiella,PZ233473,Klebsiella phage Atkp009,Klebsiella pneumoniae NCTC 13438,106783,tail fibers protein,295,Klebsiella pneumoniae,NCTC 13438
klebsiella,PZ233473,Klebsiella phage Atkp009,Klebsiella pneumoniae NCTC 13438,106783,receptor-binding protein,658,Klebsiella pneumoniae,NCTC 13438
klebsiella,PZ233472,Klebsiella phage Atkp008,Klebsiella pneumoniae LabMCT0682,114959,tail fiber protein,3477,Klebsiella pneumoniae,LabMCT0682
klebsiella,PZ233472,Klebsiella phage Atkp008,Klebsiella pneumoniae LabMCT0682,114959,tail fibers protein,295,Klebsiella pneumoniae,LabMCT0682
klebsiella,PZ233471,Klebsiella phage Atkp007,Klebsiella pneumoniae LabMCT0682,114959,tail fiber protein,3477,Klebsiella pneumoniae,LabMCT0682
klebsiella,PZ233471,Klebsiella phage Atkp007,Klebsiella pneumoniae LabMCT0682,114959,tail fibers protein,295,Klebsiella pneumoniae,LabMCT0682
klebsiella,PZ233470,Klebsiella phage Atkp006,Klebsiella pneumoniae LabMCT0682,110626,tail fibers protein,295,Klebsiella pneumoniae,LabMCT0682
klebsiella,PZ233470,Klebsiella phage Atkp006,Klebsiella pneumoniae LabMCT0682,110626,receptor-binding protein,658,Klebsiella pneumoniae,LabMCT0682
klebsiella,PZ233470,Klebsiella phage Atkp006,Klebsiella pneumoniae LabMCT0682,110626,tail fiber protein,3444,Klebsiella pneumoniae,LabMCT0682
klebsiella,PZ233469,Klebsiella phage Atkp004,Klebsiella pneumoniae LabMCT0682,52495,tail fiber protein,287,Klebsiella pneumoniae,LabMCT0682
klebsiella,PZ273796,Klebsiella phage Helios,Klebsiella grimontii K15,174646,tail fiber protein,1237,,
klebsiella,PZ256262,Klebsiella phage kv_tblp7,Klebsiella pneumoniae ATCC-BAA 1705,169954,tail fiber adhesin,175,Klebsiella pneumoniae,ATCC-BAA 1705
klebsiella,PZ256262,Klebsiella phage kv_tblp7,Klebsiella pneumoniae ATCC-BAA 1705,169954,tail fiber protein,1499,Klebsiella pneumoniae,ATCC-BAA 1705
klebsiella,PZ256261,Klebsiella phage kv_tblp6,Klebsiella pneumoniae ATCC-BAA 1705,169954,tail fiber adhesin,175,Klebsiella pneumoniae,ATCC-BAA 1705
klebsiella,PZ256261,Klebsiella phage kv_tblp6,Klebsiella pneumoniae ATCC-BAA 1705,169954,tail fiber protein,1499,Klebsiella pneumoniae,ATCC-BAA 1705
klebsiella,PZ256260,Klebsiella phage kv_tblp4,Klebsiella pneumoniae ATCC-BAA 1705,169954,tail fiber adhesin,175,Klebsiella pneumoniae,ATCC-BAA 1705
klebsiella,PZ256260,Klebsiella phage kv_tblp4,Klebsiella pneumoniae ATCC-BAA 1705,169954,tail fiber protein,1499,Klebsiella pneumoniae,ATCC-BAA 1705
klebsiella,PZ256259,Klebsiella phage kv_tblp3,Klebsiella pneumoniae ATCC-BAA 1705,169954,tail fiber adhesin,175,Klebsiella pneumoniae,ATCC-BAA 1705
klebsiella,PZ256259,Klebsiella phage kv_tblp3,Klebsiella pneumoniae ATCC-BAA 1705,169954,tail fiber protein,1499,Klebsiella pneumoniae,ATCC-BAA 1705
klebsiella,PZ256258,Klebsiella phage kv_tblp1,Klebsiella pneumoniae ATCC-BAA 1705,169954,tail fiber adhesin,175,Klebsiella pneumoniae,ATCC-BAA 1705
klebsiella,PZ256258,Klebsiella phage kv_tblp1,Klebsiella pneumoniae ATCC-BAA 1705,169954,tail fiber protein,1499,Klebsiella pneumoniae,ATCC-BAA 1705
klebsiella,PZ261141,Klebsiella phage vB_Kpn62-1,Klebsiella pneumoniae KP6,40727,tail fibers protein,1017,Klebsiella pneumoniae,KP6
klebsiella,NC_107940,Klebsiella phage VLCpiD7c,Klebsiella pneumoniae,49322,tail fiber protein,742,Klebsiella pneumoniae,
klebsiella,NC_107939,Klebsiella phage VLCpiD7b,Klebsiella pneumoniae,49577,tail fiber protein,793,Klebsiella pneumoniae,
klebsiella,NC_107938,Klebsiella phage VLCpiD7a,Klebsiella pneumoniae,49878,tail fiber protein,917,Klebsiella pneumoniae,
klebsiella,NC_105154,Klebsiella phage vB_KpnS-VAC113,Klebsiella pneumoniae,49568,tail fiber protein,762,Klebsiella pneumoniae,
klebsiella,NC_110358,Klebsiella phage vB_KpnS-VAC112,Klebsiella pneumoniae,49068,tail fiber protein,748,Klebsiella pneumoniae,
klebsiella,NC_130273,Klebsiella phage vB_KpnS-VAC111,Klebsiella pneumoniae clinical strain,50559,tail fiber protein or L-shaped tail fiber protein,980,Klebsiella pneumoniae,clinical strain
klebsiella,NC_130273,Klebsiella phage vB_KpnS-VAC111,Klebsiella pneumoniae clinical strain,50559,tail fiber protein,1148,Klebsiella pneumoniae,clinical strain
klebsiella,NC_105792,Klebsiella phage vB_KpnS-VAC110,Klebsiella pneumoniae ST11-CTX-M-15,45195,tail fiber protein,762,Klebsiella pneumoniae,ST11-CTX-M-15
klebsiella,NC_110359,Klebsiella phage vB_KpnS-VAC70,Klebsiella pneumoniae,49631,tail fiber protein,1269,Klebsiella pneumoniae,
klebsiella,NC_110359,Klebsiella phage vB_KpnS-VAC70,Klebsiella pneumoniae,49631,non-contractile tail fiber protein,815,Klebsiella pneumoniae,
klebsiella,NC_104627,Klebsiella phage vB_KpnS-VAC11,Klebsiella pneumoniae,48826,tail fiber protein,884,Klebsiella pneumoniae,
klebsiella,NC_104633,Klebsiella phage vB_KpnS-VAC10,Klebsiella pneumoniae,48935,tail fiber protein,780,Klebsiella pneumoniae,
klebsiella,NC_104632,Klebsiella phage vB_KpnS-VAC8,Klebsiella pneumoniae,48933,tail fiber protein,790,Klebsiella pneumoniae,
klebsiella,NC_104631,Klebsiella phage vB_KpnS-VAC7,Klebsiella pneumoniae,49684,tail fiber protein,1148,Klebsiella pneumoniae,
klebsiella,NC_104630,Klebsiella phage vB_KpnS-VAC6,Klebsiella pneumoniae,51554,tail fiber protein,1141,Klebsiella pneumoniae,
klebsiella,NC_104629,Klebsiella phage vB_KpnS-VAC5,Klebsiella pneumoniae,49636,tail fiber protein,865,Klebsiella pneumoniae,
klebsiella,NC_104628,Klebsiella phage vB_KpnS-VAC4,Klebsiella pneumoniae,45558,tail fiber protein,875,Klebsiella pneumoniae,
klebsiella,NC_104395,Klebsiella phage vB_KpnS-VAC2,Klebsiella pneumoniae,51784,tail fiber protein,1125,Klebsiella pneumoniae,
klebsiella,NC_103145,Klebsiella phage Solomon,Klebsiella aerogenes,51775,central tail spike,1157,Klebsiella aerogenes,
klebsiella,NC_103145,Klebsiella phage Solomon,Klebsiella aerogenes,51775,tail fiber protein,893,Klebsiella aerogenes,
klebsiella,NC_105644,Klebsiella phage PWKp20,Klebsiella pneumoniae,51939,putative tail fiber protein,892,Klebsiella pneumoniae,
klebsiella,NC_105640,Klebsiella phage PWKp17,Klebsiella pneumoniae,51637,putative tail fiber protein,877,Klebsiella pneumoniae,
klebsiella,NC_105638,Klebsiella phage PWKp15,Klebsiella pneumoniae,50457,putative tail fiber protein,892,Klebsiella pneumoniae,
klebsiella,NC_105638,Klebsiella phage PWKp15,Klebsiella pneumoniae,50457,tail fiber protein,1148,Klebsiella pneumoniae,
klebsiella,NC_109729,Klebsiella phage pKP-BS317-1.1,Klebsiella pneumoniae BS317-1,48933,non-contractile tail fiber protein,828,Klebsiella pneumoniae,BS317-1
klebsiella,NC_109729,Klebsiella phage pKP-BS317-1.1,Klebsiella pneumoniae BS317-1,48933,tail fiber protein,1272,Klebsiella pneumoniae,BS317-1
klebsiella,NC_105721,Klebsiella phage pK8,Klebsiella pneumoniae,49534,tail fiber protein,1148,Klebsiella pneumoniae,
klebsiella,NC_105494,Klebsiella phage vB_KpnD_PeteCarol,raw sewage,49054,putative tail fiber protein,1148,,
klebsiella,NC_100761,Klebsiella phage vB_KpnS_Penguinator,raw sewage,51678,putative tail fiber protein,1141,,
klebsiella,NC_103329,Klebsiella phage P528,raw swewage,51895,putative tail fiber protein,1141,,
klebsiella,NC_129957,Klebsiella phage P1,Klebsiella pneumoniae K143,50675,putative tail fiber protein,1233,Klebsiella pneumoniae,K143
klebsiella,NC_129888,Klebsiella phage vB_KpnS_ZX2,Klebsiella pneumoniae,51632,tail fiber protein,892,Klebsiella pneumoniae,
klebsiella,NC_106517,Klebsiella phage NPat,Klebsiella pneumoniae B5055,48715,tail fiber protein,1234,Klebsiella pneumoniae,B5055
klebsiella,PZ269474,Klebsiella phage vB_GCMC-1,hospital wastewater,41349,tail fiber protein,269,,
klebsiella,NC_105496,Klebsiella phage vB_KpnD_Opt-817,raw sewage,48988,tail fiber protein,1150,,
klebsiella,NC_109368,Klebsiella phage mfs,Klebsiella pneumoniae,48780,L-shaped tail fiber protein,100,Klebsiella pneumoniae,
klebsiella,NC_105611,Klebsiella phage KpS4,Klebsiella pneumoniae,49674,tail fiber protein,1256,Klebsiella pneumoniae,
klebsiella,NC_105611,Klebsiella phage KpS4,Klebsiella pneumoniae,49674,tail fiber protein / depolymerase domain,850,Klebsiella pneumoniae,
klebsiella,NC_130765,Klebsiella phage KPP2020,Klebsiella pneumoniae KCTC 2242,49044,tail fiber protein,1234,Klebsiella pneumoniae,KCTC 2242
klebsiella,NC_100756,Klebsiella phage vB_KpnS_KingDDD,raw sewage,51562,putative tail fiber protein,1141,,
klebsiella,NC_105155,Klebsiella phage vB_Kp_IME328,Klebsiella pneumoniae,48841,tail fibers protein,692,Klebsiella pneumoniae,
klebsiella,NC_105155,Klebsiella phage vB_Kp_IME328,Klebsiella pneumoniae,48841,tail fiber protein,1256,Klebsiella pneumoniae,
klebsiella,NC_129956,Klebsiella phage IME268,Klebsiella pneumoniae,49552,tail fiber protein,114,Klebsiella pneumoniae,
klebsiella,NC_105416,Klebsiella phage vB_KpnD_FairDinkum,raw sewage,49111,putative tail fiber protein,1273,,
klebsiella,NC_107953,Klebsiella phage vB_KvaS_F2M1D,Klebsiella variicola,49144,putative tail fiber protein,1233,Klebsiella variicola,
klebsiella,NC_107952,Klebsiella phage vB_KvaS_F1M1D,Klebsiella variicola,50039,putative tail fiber protein,1232,Klebsiella variicola,
klebsiella,NC_106494,Klebsiella phage BUCT556A,Klebsiella pneumoniae,49249,tail fiber protein,1276,Klebsiella pneumoniae,
klebsiella,NC_106494,Klebsiella phage BUCT556A,Klebsiella pneumoniae,49249,putative tail fiber protein,825,Klebsiella pneumoniae,
klebsiella,PQ824572,Klebsiella phage KPP105,Klebsiella pneumoniae,113143,L-shaped tail fiber protein,139,Klebsiella pneumoniae,
klebsiella,PQ824572,Klebsiella phage KPP105,Klebsiella pneumoniae,113143,receptor-binding protein,658,Klebsiella pneumoniae,
klebsiella,PV240282,Klebsiella phage vB_Kpn3619-KEN42,Klebsiella pneumoniae MRSN 3619,38200,tail fiber protein,568,Klebsiella pneumoniae,MRSN 3619
klebsiella,PV240281,Klebsiella phage vB_Kpn529046-KEN1821,Klebsiella pneumoniae MRSN 529046,168619,tail fiber protein,1479,Klebsiella pneumoniae,MRSN 529046
klebsiella,PV240281,Klebsiella phage vB_Kpn529046-KEN1821,Klebsiella pneumoniae MRSN 529046,168619,tail fiber adhesin,175,Klebsiella pneumoniae,MRSN 529046
klebsiella,PV240280,Klebsiella phage EKq2,Klebsiella quasipneumoniae MRSN 829456,51496,tail fiber protein,892,,
klebsiella,PV240279,Klebsiella phage vB_Kpn3619-AFR4,Klebsiella pneumoniae MRSN 3619,48962,tail fiber protein,847,Klebsiella pneumoniae,MRSN 3619
klebsiella,PV402694,Klebsiella phage SEL21,Klebsiella variicola AJ055 (clinical isolate),108701,receptor binding tail protein,658,Klebsiella variicola,AJ055 (clinical isolate)
klebsiella,PV402694,Klebsiella phage SEL21,Klebsiella variicola AJ055 (clinical isolate),108701,tail fiber protein,842,Klebsiella variicola,AJ055 (clinical isolate)
klebsiella,PV402694,Klebsiella phage SEL21,Klebsiella variicola AJ055 (clinical isolate),108701,collar tail protein for L-shaped tail fibre attachment,139,Klebsiella variicola,AJ055 (clinical isolate)
klebsiella,PV402694,Klebsiella phage SEL21,Klebsiella variicola AJ055 (clinical isolate),108701,central tail fiber J,948,Klebsiella variicola,AJ055 (clinical isolate)
klebsiella,PV402692,Klebsiella phage TNG87,Klebsiella variicola 04153260899A (clinical isolate),163852,tail fiber adhesin,175,Klebsiella variicola,04153260899A (clinical isolate)
klebsiella,PV402692,Klebsiella phage TNG87,Klebsiella variicola 04153260899A (clinical isolate),163852,tail fiber protein,1500,Klebsiella variicola,04153260899A (clinical isolate)
klebsiella,PV402691,Klebsiella phage PTP25,Klebsiella variicola 04153260899A (clinical isolate),174478,tail fiber protein,1021,Klebsiella variicola,04153260899A (clinical isolate)
klebsiella,NC_106518,Klebsiella phage BMac,Klebsiella pneumoniae B5055,48957,tail fiber protein,1234,Klebsiella pneumoniae,B5055
klebsiella,NC_104812,Klebsiella phage B1,Klebsiella pneumoniae 52145 serotype K2,50040,tail fibers protein,907,Klebsiella pneumoniae,52145 serotype K2
klebsiella,NC_104812,Klebsiella phage B1,Klebsiella pneumoniae 52145 serotype K2,50040,tail fiber protein,1267,Klebsiella pneumoniae,52145 serotype K2
klebsiella,PZ227171,Klebsiella phage Kp_AHMU1,Klebsiella pneumoniae,49538,tail fiber protein,1232,Klebsiella pneumoniae,
klebsiella,PZ099671,Klebsiella phage SLAM_phiKP14,sludge,112651,tail fiber protein,680,,
klebsiella,PZ099671,Klebsiella phage SLAM_phiKP14,sludge,112651,receptor-binding protein,658,,
klebsiella,PZ099670,Klebsiella phage SLAM_phiKP05,sludge,47343,tail fiber protein,2328,,
klebsiella,PZ091928,Klebsiella phage KPTJT11,Klebsiella pneumoniae,41028,non-contractile tail fiber protein,640,Klebsiella pneumoniae,
klebsiella,PZ091928,Klebsiella phage KPTJT11,Klebsiella pneumoniae,41028,tailspike protein,818,Klebsiella pneumoniae,
klebsiella,PZ055538,Klebsiella phage 2024.TE.12372,Klebsiella pneumoniae,49511,tail fiber protein,1148,Klebsiella pneumoniae,
klebsiella,PZ055537,Klebsiella phage 2024.TE.12371,Klebsiella pneumoniae,49354,tail fiber protein,1148,Klebsiella pneumoniae,
klebsiella,PZ055536,Klebsiella phage 2024.TE.12370,Klebsiella pneumoniae,39396,non-contractile tail fiber protein,771,Klebsiella pneumoniae,
klebsiella,PZ055535,Klebsiella phage 2024.TE.12369,Klebsiella pneumoniae,43914,non-contractile tail fiber protein,318,Klebsiella pneumoniae,
klebsiella,PZ055534,Klebsiella phage 2024.TE.12365,Klebsiella pneumoniae,109948,tail fiber protein,160,Klebsiella pneumoniae,
klebsiella,PZ055534,Klebsiella phage 2024.TE.12365,Klebsiella pneumoniae,109948,putative tail fiber protein,286,Klebsiella pneumoniae,
klebsiella,PZ055534,Klebsiella phage 2024.TE.12365,Klebsiella pneumoniae,109948,tail fiber,685,Klebsiella pneumoniae,
klebsiella,PZ055534,Klebsiella phage 2024.TE.12365,Klebsiella pneumoniae,109948,tail fibers protein,295,Klebsiella pneumoniae,
klebsiella,PZ055534,Klebsiella phage 2024.TE.12365,Klebsiella pneumoniae,109948,receptor-binding protein,658,Klebsiella pneumoniae,
klebsiella,PZ055533,Klebsiella phage 2024.TE.12364,Klebsiella pneumoniae,147188,putative tail fiber protein,591,Klebsiella pneumoniae,
klebsiella,PZ055533,Klebsiella phage 2024.TE.12364,Klebsiella pneumoniae,147188,tail fiber protein,336,Klebsiella pneumoniae,
klebsiella,PZ055532,Klebsiella phage 2024.TE.12363,Klebsiella pneumoniae,43072,non-contractile tail fiber protein,823,Klebsiella pneumoniae,
klebsiella,PZ055531,Klebsiella phage 2024.TE.12362,Klebsiella pneumoniae,39396,non-contractile tail fiber protein,771,Klebsiella pneumoniae,
klebsiella,PX943615,Klebsiella phage Henu16,Klebsiella pneumoniae 31,43991,tail fiber protein,306,Klebsiella pneumoniae,31
klebsiella,PX974239,Klebsiella phage phi1_066047,Klebsiella pneumoniae,43746,tail fiber protein,923,Klebsiella pneumoniae,
klebsiella,PZ050808,Klebsiella phage KBU_SV2,Klebsiella pneumoniae,52744,tail fiber protein,630,Klebsiella pneumoniae,
klebsiella,PZ036784,Klebsiella phage P1524,Klebsiella pneumoniae,39492,tail fiber protein,292,Klebsiella pneumoniae,
klebsiella,PX974333,Klebsiella phage CP-p-KP-23232,Klebsiella pneumoniae,48990,tail fiber protein,815,Klebsiella pneumoniae,
klebsiella,PX974332,Klebsiella phage CP-p-KP-22185,Klebsiella pneumoniae,48531,tail fiber protein,754,Klebsiella pneumoniae,
klebsiella,PX872923,Klebsiella phage CP-p-KP-23208,Klebsiella pneumoniae,46182,tail fiber protein,216,Klebsiella pneumoniae,
klebsiella,PX872922,Klebsiella phage CP-p-KP-22145,Klebsiella pneumoniae,49432,tail fiber protein,780,Klebsiella pneumoniae,
klebsiella,PX872921,Klebsiella phage CP-p-KP-21107,Klebsiella pneumoniae,40645,tail fiber protein,1017,Klebsiella pneumoniae,
klebsiella,PX872920,Klebsiella phage CP-p-KP-21065,Klebsiella pneumoniae,40222,tail fiber protein,1017,Klebsiella pneumoniae,
klebsiella,PX872919,Klebsiella phage CP-p-KP-21005,Klebsiella pneumoniae,41173,tail fiber protein,1017,Klebsiella pneumoniae,
klebsiella,PX872915,Klebsiella phage CP-p-KP-22142,Klebsiella pneumoniae,49392,tail fiber protein,894,Klebsiella pneumoniae,
klebsiella,PX974311,Klebsiella phage SAKp26.2,Klebsiella pneumoniae U5877 (clinical isolate),41467,tail fiber protein,1017,Klebsiella pneumoniae,U5877 (clinical isolate)
klebsiella,PX974331,Klebsiella phage vB_KpnP_ZCKP10,Klebsiella sp.,40849,non-contractile tail fiber protein,777,,
klebsiella,PX969080,Klebsiella phage PK9,Klebsiella pneumoniae FK9 (clinical isolate),38254,non-contractile tail fiber protein,562,Klebsiella pneumoniae,FK9 (clinical isolate)
klebsiella,PZ000752,Klebsiella phage PKS,Klebsiella pneumoniae,40292,non-contractile tail fiber protein,562,Klebsiella pneumoniae,
klebsiella,PZ000751,Klebsiella phage PKG,Klebsiella pneumoniae,50156,tail fiber protein,1157,Klebsiella pneumoniae,
klebsiella,PV506378,Klebsiella phage Silvester,Klebsiella grimontii K15g,40977,tailspike protein I,801,,
klebsiella,PV506378,Klebsiella phage Silvester,Klebsiella grimontii K15g,40977,tailspike protein II,477,,
klebsiella,PX997131,Klebsiella phage Ptero,Klebsiella pneumoniae BATC1,49003,tail fiber protein,216,Klebsiella pneumoniae,BATC1
klebsiella,PX946034,Klebsiella phage TRK61,Klebsiella pneumoniae TRK 61,113941,receptor-binding protein,650,Klebsiella pneumoniae,TRK 61
klebsiella,PX946034,Klebsiella phage TRK61,Klebsiella pneumoniae TRK 61,113941,L-shaped tail fiber protein,139,Klebsiella pneumoniae,TRK 61
klebsiella,PX843005,Klebsiella phage Junood_PK6,Klebsiella pneumoniae,49235,tail fiber protein,818,Klebsiella pneumoniae,
klebsiella,PX060903,Klebsiella phage vB_Kpn_CuaREV2,Klebsiella pneumoniae K1 NCTC5054,44284,tail fiber protein,651,Klebsiella pneumoniae,K1 NCTC5054
klebsiella,PX060902,Klebsiella phage vB_Kpn_CuaREV1,Klebsiella pneumoniae K1 NCTC5054,44027,tail fiber protein,651,Klebsiella pneumoniae,K1 NCTC5054
klebsiella,PX060901,Klebsiella phage vB_Kpn_CuaHET2,Klebsiella pneumoniae K1 NCTC5054,165915,tail fiber protein,1517,Klebsiella pneumoniae,K1 NCTC5054
klebsiella,PX060901,Klebsiella phage vB_Kpn_CuaHET2,Klebsiella pneumoniae K1 NCTC5054,165915,tail fiber adhesin,175,Klebsiella pneumoniae,K1 NCTC5054
klebsiella,PX060900,Klebsiella phage vB_Kpn_CuaHET1,Klebsiella pneumoniae K1 NCTC5054,166307,tail fiber protein,1517,Klebsiella pneumoniae,K1 NCTC5054
klebsiella,PX060900,Klebsiella phage vB_Kpn_CuaHET1,Klebsiella pneumoniae K1 NCTC5054,166307,tail fiber adhesin,175,Klebsiella pneumoniae,K1 NCTC5054
klebsiella,PX060899,Klebsiella phage vB_Kpn_CuaMUT2,Klebsiella pneumoniae K1 NCTC5054,166710,tail fiber protein,1427,Klebsiella pneumoniae,K1 NCTC5054
klebsiella,PX060898,Klebsiella phage vB_Kpn_CuaMUT1,Klebsiella pneumoniae K1 NCTC5054,37771,tail fiber protein,569,Klebsiella pneumoniae,K1 NCTC5054
klebsiella,PX670415,Klebsiella phage RSU-phaZ12-2,Klebsiella pneumoniae,38604,tail fiber protein,404,Klebsiella pneumoniae,
klebsiella,PX670414,Klebsiella phage RSU-phaZ12-1,Klebsiella pneumoniae,39335,tail fiber protein,717,Klebsiella pneumoniae,
ecoli,PX985131,Escherichia phage Pal012,Palo Alto wastewater,170483,long tail fiber protein distal subunit,1033,,
ecoli,PX985129,Escherichia phage Pal010,Palo Alto wastewater,44875,tail fiber protein,721,,
ecoli,PX985128,Escherichia phage Pal009,Palo Alto wastewater,44841,tail fiber protein,1139,,
ecoli,PX985127,Escherichia phage Pal008,Stanford wastewater,49792,tail fiber protein,971,,
ecoli,PX985126,Escherichia phage Pal007,Palo Alto wastewater,49358,tail fiber protein,972,,
ecoli,PX985125,Escherichia phage Pal006,Palo Alto wastewater,52629,tail fiber protein,733,,
ecoli,PX985123,Escherichia phage Pal004,Stanford wastewater,49999,tail fiber protein,807,,
ecoli,PX985122,Escherichia phage Pal003,Stanford wastewater,50088,tail fiber protein,892,,
ecoli,PX985121,Escherichia phage Pal002,Palo Alto wastewater,49750,tail fiber protein,494,,
ecoli,PX985120,Escherichia phage Pal001,Palo Alto wastewater,49458,tail fiber protein,1139,,
ecoli,PZ662386,Escherichia phage SEV,Escherichia coli,52735,tail fiber protein,381,Escherichia coli,
ecoli,PZ809289,Escherichia phage 12-ed,Escherichia coli,171455,tail fiber protein,265,Escherichia coli,
ecoli,PZ809289,Escherichia phage 12-ed,Escherichia coli,171455,long tail fiber protein distal subunit,1108,Escherichia coli,
ecoli,PX402468,Escherichia phage RSB04,Escherichia coli NC101,76787,tail fiber protein,758,Escherichia coli,NC101
ecoli,PX402466,Escherichia phage RSB02,Escherichia coli NC101,76472,tail fiber protein,856,Escherichia coli,NC101
ecoli,PZ721903,Escherichia phage Lab05,Escherichia coli,49628,tail fiber protein,501,Escherichia coli,
ecoli,PZ721902,Escherichia phage Lab02,Escherichia coli,44624,tail fiber protein,498,Escherichia coli,
ecoli,PZ789432,Escherichia phage BMBo_EcP_012-45,Escherichia coli,44996,tail fiber protein,41,Escherichia coli,
ecoli,PZ789432,Escherichia phage BMBo_EcP_012-45,Escherichia coli,44996,tail spike protein,374,Escherichia coli,
ecoli,PZ748594,Escherichia phage vB_EcoS-TP26lw,Escherichia coli O26 (Shiga toxin-producing),61890,tail fiber protein,879,Escherichia coli,O26 (Shiga toxin-producing)
ecoli,PZ787336,Escherichia phage vB_Eco10_Ziv,Escherichia coli,47147,tail spike protein,755,Escherichia coli,
ecoli,PZ744579,Escherichia phage vB_Eco_SF18,Escherichia coli O157:H7,43931,tail fiber protein,1271,Escherichia coli,O157:H7
ecoli,NC_111760,Escherichia phage vB_VIPECOOM03,wastewater,168519,long tail fiber protein distal subunit,982,,
ecoli,NC_111760,Escherichia phage vB_VIPECOOM03,wastewater,168519,tail fiber protein,266,,
ecoli,PZ715804,Escherichia phage Stream,Escherichia coli,49773,tail fiber protein,518,Escherichia coli,
ecoli,PZ715803,Escherichia phage Stuf3,Escherichia coli,51987,tail fiber protein,1153,Escherichia coli,
ecoli,PZ715802,Escherichia phage Stuf1,Escherichia coli,49124,tail fiber protein,787,Escherichia coli,
ecoli,PZ683264,Escherichia phage ST744,Escherichia coli ST744,40794,tail fibers protein,102,Escherichia coli,ST744
ecoli,PZ674595,Escherichia phage vB_Eco_HM52,Escherichia coli ESBLEC_HM52,110879,tail fiber protein,1342,Escherichia coli,ESBLEC_HM52
ecoli,PZ671982,Escherichia phage LXL1,Escherichia coli,43947,tail fiber protein,610,Escherichia coli,
ecoli,PZ683213,Escherichia phage B01,Escherichia coli BL21,39156,tail fiber protein,731,Escherichia coli,BL21
ecoli,PZ618370,Escherichia phage vB_Eco_P_2642_NM2601,Escherichia coli,39720,tailspike protein,728,Escherichia coli,
ecoli,PZ618369,Escherichia phage vB_Eco_P_2641_NM2512,Escherichia coli,39474,tailspike protein,728,Escherichia coli,
ecoli,PZ436093,Escherichia phage phiHS1,Escherichia coli HS,60316,central tail fiber J,883,Escherichia coli,HS
ecoli,PZ436093,Escherichia phage phiHS1,Escherichia coli HS,60316,tail fiber protein,1139,Escherichia coli,HS
ecoli,PZ544685,Escherichia phage KNC_2025,Escherichia coli BL21 (DE3),173208,tail fibers protein,163,Escherichia coli,BL21 (DE3)
ecoli,PZ544685,Escherichia phage KNC_2025,Escherichia coli BL21 (DE3),173208,short tail fibers protein,510,Escherichia coli,BL21 (DE3)
ecoli,PZ544685,Escherichia phage KNC_2025,Escherichia coli BL21 (DE3),173208,long tail fiber protein,1325,Escherichia coli,BL21 (DE3)
ecoli,PZ544685,Escherichia phage KNC_2025,Escherichia coli BL21 (DE3),173208,tail fiber protein,77,Escherichia coli,BL21 (DE3)
ecoli,PZ513997,Escherichia phage AKO6_E,Escherichia coli,40530,tail fiber protein,366,Escherichia coli,
ecoli,PZ513997,Escherichia phage AKO6_E,Escherichia coli,40530,non-contractile tail fiber protein,402,Escherichia coli,
ecoli,PZ513996,Escherichia phage AKO7_E,Escherichia coli,40893,non-contractile tail fiber protein,1082,Escherichia coli,
ecoli,PZ501486,Escherichia phage OlliNora,Escherichia coli K-12,45177,tail fiber protein,513,Escherichia coli,K-12
ecoli,PZ501485,Escherichia phage MontyMolly,Escherichia coli K-12,45177,tail fiber protein,513,Escherichia coli,K-12
ecoli,PZ501484,Escherichia phage Suhari,Escherichia coli K-12,45177,tail fiber protein,513,Escherichia coli,K-12
ecoli,PZ445149,Escherichia phage F63V,Escherichia sp.,45748,tail fiber protein,844,,
ecoli,PZ445148,Escherichia phage F58V,Escherichia sp.,149321,tail fiber protein,674,,
ecoli,PZ445134,Escherichia phage ecopha55,Escherichia coli PGG016,169719,long tail fiber protein distal subunit,1104,Escherichia coli,PGG016
ecoli,PZ445134,Escherichia phage ecopha55,Escherichia coli PGG016,169719,tail fiber host specificity protein,257,Escherichia coli,PGG016
ecoli,PZ527900,Escherichia phage vB_Eco_SSK7,Escherichia coli O128:H2 SS24,44330,tail fiber protein,320,Escherichia coli,O128:H2 SS24
ecoli,PZ137471,Escherichia phage vB_Eco_SF1,Escherichia coli O157:H7,50247,lateral tail fiber protein,660,Escherichia coli,O157:H7
ecoli,PZ285958,Escherichia phage UCS29C1,wastewater,261958,tail fiber protein,923,,
ecoli,PZ285958,Escherichia phage UCS29C1,wastewater,261958,tail spike protein,711,,
ecoli,PV419677,Escherichia phage fPKPT2,Escherichia coli,171101,long-tail fiber protein,376,Escherichia coli,
ecoli,PV419677,Escherichia phage fPKPT2,Escherichia coli,171101,short tail fiber protein,516,Escherichia coli,
ecoli,PQ724394,Escherichia phage fRPOT1,Escherichia coli,170501,short tail fiber protein,508,Escherichia coli,
ecoli,PQ724394,Escherichia phage fRPOT1,Escherichia coli,170501,long-tail fiber protein,369,Escherichia coli,
ecoli,PQ724393,Escherichia phage fDKRT2,Escherichia coli,170472,long-tail fiber protein,370,Escherichia coli,
ecoli,PQ724393,Escherichia phage fDKRT2,Escherichia coli,170472,short tail fiber protein,510,Escherichia coli,
ecoli,PQ724392,Escherichia phage fUAMT1,Escherichia coli,170021,long-tail fiber protein,376,Escherichia coli,
ecoli,PQ724392,Escherichia phage fUAMT1,Escherichia coli,170021,long tail fiber protein distal subunit,1086,Escherichia coli,
ecoli,PQ724392,Escherichia phage fUAMT1,Escherichia coli,170021,tail fiber protein,259,Escherichia coli,
ecoli,PQ724392,Escherichia phage fUAMT1,Escherichia coli,170021,short tail fiber protein,516,Escherichia coli,
ecoli,PZ554334,Escherichia phage 68F,Escherichia coli,87815,tail fiber protein,382,Escherichia coli,
ecoli,PZ534534,Escherichia phage 519V,Escherichia coli,139772,tail fiber protein,222,Escherichia coli,
ecoli,PZ534534,Escherichia phage 519V,Escherichia coli,139772,central tail fiber J,1279,Escherichia coli,
ecoli,PZ534532,Escherichia phage 66V,Escherichia coli,139949,tail fiber protein,222,Escherichia coli,
ecoli,PZ534532,Escherichia phage 66V,Escherichia coli,139949,central tail fiber J,1279,Escherichia coli,
ecoli,PZ534515,Escherichia phage 522F,Escherichia coli,87825,tail fiber protein,382,Escherichia coli,
ecoli,PZ534512,Escherichia phage 64T,Escherichia coli,167077,tail fiber protein,231,Escherichia coli,
ecoli,PZ534512,Escherichia phage 64T,Escherichia coli,167077,long tail fiber protein distal subunit,803,Escherichia coli,
ecoli,PZ534511,Escherichia phage 521V,Escherichia coli,139974,tail fiber protein,581,Escherichia coli,
ecoli,PZ534511,Escherichia phage 521V,Escherichia coli,139974,central tail fiber J,1279,Escherichia coli,
ecoli,PZ379603,Escherichia phage PhUK9,Escherichia coli,46871,tail fiber protein,842,Escherichia coli,
ecoli,PZ379602,Escherichia phage PhUK8,Escherichia coli,44991,tail fiber protein,842,Escherichia coli,
ecoli,PZ379601,Escherichia phage PhUK7,Escherichia coli,45803,tail fiber protein,842,Escherichia coli,
ecoli,PZ379600,Escherichia phage PhUK5,Escherichia coli,45804,tail fiber protein,842,Escherichia coli,
ecoli,PZ379599,Escherichia phage PhUK4,Escherichia coli,45805,tail fiber protein,842,Escherichia coli,
ecoli,PZ379598,Escherichia phage PhUK3,Escherichia coli,40118,tail spike protein,843,Escherichia coli,
ecoli,PZ379597,Escherichia phage PhUK1,Escherichia coli,45801,tail fiber protein,842,Escherichia coli,
ecoli,PZ379596,Escherichia phage PhSA10,Escherichia coli,46811,tail fiber protein,843,Escherichia coli,
ecoli,PZ379595,Escherichia phage PhSA9,Escherichia coli,38939,tail fiber protein,726,Escherichia coli,
ecoli,PZ379594,Escherichia phage PhSA8,Escherichia coli,52616,tail fiber protein,399,Escherichia coli,
ecoli,PZ379550,Escherichia phage PhSA7,Escherichia coli,46714,tail fiber protein,843,Escherichia coli,
ecoli,PZ379549,Escherichia phage PhSA5,Escherichia coli,46532,tail fiber protein,843,Escherichia coli,
ecoli,PZ379547,Escherichia phage PhSA3,Escherichia coli,38987,tail fiber protein,726,Escherichia coli,
ecoli,PZ379546,Escherichia phage PhSA2,Escherichia coli,46719,tail fiber protein,843,Escherichia coli,
ecoli,PZ379545,Escherichia phage PhKZ1,Escherichia coli,52467,tail fiber protein,399,Escherichia coli,
ecoli,PZ379544,Escherichia phage PhDK10,Escherichia coli,39706,tail fiber protein,757,Escherichia coli,
ecoli,PZ379543,Escherichia phage PhDK9,Escherichia coli,45811,tail fiber protein,842,Escherichia coli,
ecoli,PZ379542,Escherichia phage PhDK8,Escherichia coli,47750,tail fiber protein,842,Escherichia coli,
ecoli,PZ379541,Escherichia phage PhDK6,Escherichia coli,46714,tail fiber protein,843,Escherichia coli,
ecoli,PZ379185,Escherichia phage PhDK5,Escherichia coli,47344,tail fiber protein,452,Escherichia coli,
ecoli,PZ379184,Escherichia phage PhDK4,Escherichia coli,39711,tail fiber protein,757,Escherichia coli,
ecoli,PZ379183,Escherichia phage PhDK3,Escherichia coli,46713,tail fiber protein,843,Escherichia coli,
ecoli,PZ379182,Escherichia phage PhDK2,Escherichia coli,46134,tail fiber protein,842,Escherichia coli,
ecoli,PZ379181,Escherichia phage PhDK1,Escherichia coli,44789,tail fiber protein,235,Escherichia coli,
ecoli,PZ379180,Escherichia phage PhBR8,Escherichia coli,44016,tail spike protein,711,Escherichia coli,
ecoli,PZ379179,Escherichia phage PhBR7,Escherichia coli,39736,tail fiber protein,726,Escherichia coli,
ecoli,PZ379178,Escherichia phage PhBR6,Escherichia coli,46856,tail fiber protein,842,Escherichia coli,
ecoli,PZ379177,Escherichia phage PhBR5,Escherichia coli,68096,tail fiber protein,186,Escherichia coli,
ecoli,PZ379176,Escherichia phage PhBR4,Escherichia coli,76647,tail fiber protein,322,Escherichia coli,
ecoli,PZ379076,Escherichia phage PhBR3,Escherichia coli,44111,tail fiber protein,661,Escherichia coli,
ecoli,PZ379075,Escherichia phage PhBR2,Escherichia coli,76694,tail fiber protein,322,Escherichia coli,
ecoli,PZ379074,Escherichia phage PhBR1,Escherichia coli,68259,tail fiber protein,787,Escherichia coli,
ecoli,PZ357121,Escherichia phage vB_EcoM_S37,Escherichia coli,132650,long-tail fiber protein,1038,Escherichia coli,
ecoli,PZ324410,Escherichia phage ECO95161-S12,Escherichia coli O95,47561,tail spike protein,90,Escherichia coli,O95
ecoli,PZ324410,Escherichia phage ECO95161-S12,Escherichia coli O95,47561,tail fiber protein,630,Escherichia coli,O95
ecoli,PZ324409,Escherichia phage ECO26-131-S11,Escherichia coli O26,42653,tail fiber protein,420,Escherichia coli,O26
ecoli,PZ324408,Escherichia phage ECO225F2-S13,Escherichia coli O22,42530,tail fiber protein,307,Escherichia coli,O22
ecoli,PZ324407,Escherichia phage ECO121-211-S10,Escherichia coli O121,139113,tail fiber protein,222,Escherichia coli,O121
ecoli,PZ324407,Escherichia phage ECO121-211-S10,Escherichia coli O121,139113,central tail fiber J,1279,Escherichia coli,O121
ecoli,PZ324406,Escherichia phage ECO111-S1,Escherichia coli O111,47069,tail spike protein,245,Escherichia coli,O111
ecoli,PZ324404,Escherichia phage ECO103-4121-S2,Escherichia coli O103,50418,tail fiber protein,679,Escherichia coli,O103
ecoli,PZ540269,Escherichia phage HK243,Escherichia coli DH5[alpha],55152,central tail fiber J,1005,Escherichia coli,DH5[alpha]
ecoli,PZ540269,Escherichia phage HK243,Escherichia coli DH5[alpha],55152,tail fiber protein,725,Escherichia coli,DH5[alpha]
ecoli,PZ502562,Escherichia phage vB_EcoP_S37A,Escherichia coli,38873,tail fiber protein,613,Escherichia coli,
ecoli,PZ509022,Escherichia phage Push_58,Escherichia coli 5K,165370,long tail fiber protein distal subunit,982,Escherichia coli,5K
ecoli,PZ509022,Escherichia phage Push_58,Escherichia coli 5K,165370,tail fiber protein,260,Escherichia coli,5K
ecoli,PZ509021,Escherichia phage Push_43,Escherichia coli 5K,165700,tail fiber protein,98,Escherichia coli,5K
ecoli,PZ509021,Escherichia phage Push_43,Escherichia coli 5K,165700,long tail fiber protein distal subunit,1040,Escherichia coli,5K
ecoli,PZ496581,Escherichia phage Push_27,Escherichia coli 5K,165678,tail fiber protein,98,Escherichia coli,5K
ecoli,PZ496581,Escherichia phage Push_27,Escherichia coli 5K,165678,long tail fiber protein distal subunit,1040,Escherichia coli,5K
ecoli,PZ496580,Escherichia phage Push_16A,Escherichia coli 5K,168831,tail fiber protein,104,Escherichia coli,5K
ecoli,PZ496580,Escherichia phage Push_16A,Escherichia coli 5K,168831,long tail fiber protein distal subunit,970,Escherichia coli,5K
ecoli,PZ543597,Escherichia phage CREC-P20,Escherichia coli,166743,long tail fiber protein distal subunit,982,Escherichia coli,
ecoli,PZ543597,Escherichia phage CREC-P20,Escherichia coli,166743,tail fiber host specificity protein,260,Escherichia coli,
ecoli,PZ544513,Escherichia phage Yodit,Escherichia coli MDBZ1559_ST73,39595,tail spike protein,843,Escherichia coli,MDBZ1559_ST73
ecoli,PZ229304,Escherichia phage UCS37C2_1,Escherichia coli UCS37,149156,tail fiber protein,236,Escherichia coli,UCS37
ecoli,PZ229304,Escherichia phage UCS37C2_1,Escherichia coli UCS37,149156,tail spike protein,794,Escherichia coli,UCS37
ecoli,PZ012685,Escherichia phage vB_EcoM_Beqaa,Escherichia coli B25FEP,240606,tail fiber protein,1480,Escherichia coli,B25FEP
ecoli,PZ495249,Escherichia phage HHU-E16,Escherichia coli DR-20,154032,tail fiber protein,1014,Escherichia coli,DR-20
ecoli,PZ239912,Escherichia phage i11m,Eschrichia coli PCM 2674,163206,long-tail fiber protein,371,,
ecoli,PZ239912,Escherichia phage i11m,Eschrichia coli PCM 2674,163206,short tail fiber protein,516,,
ecoli,PZ465527,Escherichia phage Tyr,Escherichia coli BW25113,50119,tail fiber protein,590,Escherichia coli,BW25113
ecoli,PZ465526,Escherichia phage Oso,Escherichia coli BW25113,44625,tail fiber protein,865,Escherichia coli,BW25113
ecoli,PZ465525,Escherichia phage Gravis,Escherichia coli ATCC 23848,38751,tail fiber protein,620,Escherichia coli,ATCC 23848
ecoli,PZ465523,Escherichia phage Eve,Escherichia coli ATCC 33876,49119,tail fiber protein,501,Escherichia coli,ATCC 33876
ecoli,PZ295659,Escherichia phage HMD-APEC18,Escherichia coli,166916,long tail fiber protein distal subunit,1072,Escherichia coli,
ecoli,PZ295659,Escherichia phage HMD-APEC18,Escherichia coli,166916,tail fiber protein,259,Escherichia coli,
ecoli,PZ295659,Escherichia phage HMD-APEC18,Escherichia coli,166916,tail fiber,516,Escherichia coli,
ecoli,PZ172995,Escherichia phage ECMO,Escherichia coli GX-18,88884,tail fiber protein,788,Escherichia coli,GX-18
ecoli,PZ490076,Escherichia phage BUCT788EP1.2,Escherichia coli E4002,40032,tail fiber protein,188,Escherichia coli,E4002
ecoli,PZ476263,Escherichia phage Jab,Escherichia coli ECH07,142100,tail fiber protein,1262,Escherichia coli,ECH07
ecoli,PX502252,Escherichia phage MECP43,Escherichia coli,44418,tail fiber protein,319,Escherichia coli,
ecoli,PX502252,Escherichia phage MECP43,Escherichia coli,44418,tail spike protein,355,Escherichia coli,
ecoli,OQ817854,Escherichia phage C1-RQL,Escherichia coli JS682,51544,tail fiber,220,Escherichia coli,JS682
ecoli,PX871048,Escherichia phage vB_EcoS-NB10,lake water,43596,tail fiber protein,460,,
ecoli,PX871048,Escherichia phage vB_EcoS-NB10,lake water,43596,tailspike protein,604,,
ecoli,PX116399,Escherichia phage Eco-MTCMU-01,Escherichia coli ATCC 25922,44849,tail fiber protein,319,Escherichia coli,ATCC 25922
ecoli,PX116399,Escherichia phage Eco-MTCMU-01,Escherichia coli ATCC 25922,44849,tail spike protein,632,Escherichia coli,ATCC 25922
ecoli,PV871783,Escherichia phage CP-p-EC-23062,Escherichia coli,78311,tail fiber protein,322,Escherichia coli,
ecoli,PV871781,Escherichia phage CP-p-EC-23045,Escherichia coli,40132,tail spike protein,843,Escherichia coli,
ecoli,PX260882,Escherichia phage UHP103,Escherichia coli,44417,putative tail fiber protein,476,Escherichia coli,
ecoli,PX985799,Escherichia phage vB-EcoP_179-5,Escherichia coli,44811,tail fiber protein,320,Escherichia coli,
ecoli,PX985798,Escherichia phage vB-EcoS_179-3,Escherichia coli,43053,tail spike protein,489,Escherichia coli,
ecoli,PX985797,Escherichia phage vB-EcoS_164-2,Escherichia coli,56684,tail fiber protein,91,Escherichia coli,
ecoli,PZ383863,Escherichia phage phiSM_S9,Escherichia coli DH10B,49701,tail fiber protein,786,Escherichia coli,DH10B
ecoli,PZ150740,Escherichia phage phiEco213,Escherichia coli,50699,tail fiber protein,876,Escherichia coli,
ecoli,PZ311407,Escherichia phage vB_Eco_6phi13,Escherichia coli str. K-12 substr. MG1655,170699,long tail fiber protein distal subunit,981,Escherichia coli,str. K-12 substr. MG1655
ecoli,PZ311407,Escherichia phage vB_Eco_6phi13,Escherichia coli str. K-12 substr. MG1655,170699,tail fiber protein,260,Escherichia coli,str. K-12 substr. MG1655
ecoli,PZ311406,Escherichia phage vB_Eco_6phi8,Escherichia coli str. K-12 substr. MG1655,169116,long tail fiber protein distal subunit,1094,Escherichia coli,str. K-12 substr. MG1655
ecoli,PZ311405,Escherichia phage vB_Eco_6phi10,Escherichia coli str. K-12 substr. MG1655,40100,tail fiber protein,642,Escherichia coli,str. K-12 substr. MG1655
ecoli,PZ168289,Escherichia phage vB_EcoP_D1,Escherichia coli,39017,tail spike protein,666,Escherichia coli,
ecoli,PZ154897,Escherichia phage YNS4.1.2,Escherichia coli L2.1,167739,long-tail fiber protein,371,Escherichia coli,L2.1
ecoli,PZ154897,Escherichia phage YNS4.1.2,Escherichia coli L2.1,167739,short tail fiber protein,527,Escherichia coli,L2.1
ecoli,PZ154896,Escherichia phage YNL6,Escherichia coli L2.1,167071,long-tail fiber protein,375,Escherichia coli,L2.1
ecoli,PZ154896,Escherichia phage YNL6,Escherichia coli L2.1,167071,short tail fiber protein,527,Escherichia coli,L2.1
ecoli,PZ154895,Escherichia phage YNL1,Escherichia coli L2.1,168548,short tail fiber protein,527,Escherichia coli,L2.1
ecoli,PZ154895,Escherichia phage YNL1,Escherichia coli L2.1,168548,long-tail fiber protein,1067,Escherichia coli,L2.1
ecoli,PX050470,Escherichia phage SF-E2,Escherichia coli ATCC 35150,169626,short tail fiber protein,516,Escherichia coli,ATCC 35150
ecoli,PX050470,Escherichia phage SF-E2,Escherichia coli ATCC 35150,169626,long-tail fiber protein,374,Escherichia coli,ATCC 35150
ecoli,PX050470,Escherichia phage SF-E2,Escherichia coli ATCC 35150,169626,long tail fiber protein distal subunit,1083,Escherichia coli,ATCC 35150
ecoli,PX024856,Escherichia phage SF-E1,Escherichia coli ATCC 35150,171055,putative short tail fiber protein,527,Escherichia coli,ATCC 35150
ecoli,PX024856,Escherichia phage SF-E1,Escherichia coli ATCC 35150,171055,tail fibers protein,98,Escherichia coli,ATCC 35150
ecoli,PX024856,Escherichia phage SF-E1,Escherichia coli ATCC 35150,171055,side tail fiber protein,221,Escherichia coli,ATCC 35150
ecoli,PX024856,Escherichia phage SF-E1,Escherichia coli ATCC 35150,171055,long tail fiber protein distal subunit,1038,Escherichia coli,ATCC 35150
ecoli,PV467748,Escherichia phage fBSZT1,Escherichia coli,169720,short tail fiber protein,508,Escherichia coli,
ecoli,PV467748,Escherichia phage fBSZT1,Escherichia coli,169720,long-tail fiber protein,369,Escherichia coli,
ecoli,PZ362812,Escherichia phage vB_EcoS_MaltD1,Escherichia coli NK 4177 (MTCC 482),58906,tail fiber protein,1027,Escherichia coli,NK 4177 (MTCC 482)
ecoli,PZ362812,Escherichia phage vB_EcoS_MaltD1,Escherichia coli NK 4177 (MTCC 482),58906,J-like tail fiber protein,1040,Escherichia coli,NK 4177 (MTCC 482)
ecoli,PQ478073,Escherichia phage MCEC3,Escherichia coli 30,348694,tail fiber protein,536,Escherichia coli,30
ecoli,PZ166175,Escherichia phage P66,Escherichia coli APEC17,44735,central tail fiber J,1123,Escherichia coli,APEC17
ecoli,PZ344858,Escherichia phage vB_EcoP_QH06,Escherichia coli ATCC 38006,38561,tail fiber protein,558,Escherichia coli,ATCC 38006
ecoli,PZ347775,Escherichia phage vB_EcoM_QH02,Escherichia coli ATCC 38006,166437,long-tail fiber protein,371,Escherichia coli,ATCC 38006
ecoli,PZ347775,Escherichia phage vB_EcoM_QH02,Escherichia coli ATCC 38006,166437,short tail fiber protein,527,Escherichia coli,ATCC 38006
ecoli,PZ340978,Escherichia phage GEP66,Escherichia coli ATCC 35150,44039,tail fiber protein,568,Escherichia coli,ATCC 35150
